account_id,account_name,billing_state,customer_arr__c,number_of_locations__c,csm_name__c,account_ae,created_date
001000000000000AAA,Perez Inc,OH,3215.04,4,,Dylan Miller,2022-06-14
001000000000001AAA,Morales-Jones,NC,3873.12,2,,Michele Williams,2022-02-27
001000000000002AAA,"Walter, Edwards and Rios",PA,1885.92,2,Noah Rhodes,Lisa Jackson,2025-07-12
001000000000003AAA,Wilkerson-Day,PA,20414.88,6,,Lisa Hensley,2022-10-23
001000000000004AAA,Baker and Sons,FL,30979.44,6,,Michele Williams,2024-12-03
001000000000005AAA,"Hoffman, Baker and Richards",IL,839.04,1,,Carla Gray,2025-08-29
001000000000006AAA,"Ross, Robinson and Bright",NC,34281.36,9,,Dylan Miller,2026-04-24
001000000000007AAA,"Snyder, Campos and Callahan",WA,13290.72,4,Connie Lawrence,Lisa Hensley,2023-05-31
001000000000008AAA,Burton Ltd,CA,1080.00,2,,Carla Gray,2026-01-08
001000000000009AAA,Carlson-Cruz,PA,1014.24,1,,Margaret Hawkins DDS,2024-04-14
001000000000010AAA,"Ferrell, Rice and Maddox",CA,7560.00,5,Abigail Shaffer,Michele Williams,2025-03-22
001000000000011AAA,Frazier Inc,UT,9636.00,5,,Margaret Hawkins DDS,2025-03-12
001000000000012AAA,"Dyer, Potter and Mack",CO,7671.60,5,Allison Hill,Michele Williams,2023-10-16
001000000000013AAA,Rodriguez-Graham,PA,5890.80,5,,Dylan Miller,2023-01-02
001000000000014AAA,Smith-Bowen,NY,7179.36,4,Angie Henderson,Margaret Hawkins DDS,2022-08-02
001000000000015AAA,"Baker, Mason and White",PA,43188.00,20,Allison Hill,Dylan Miller,2023-09-01
001000000000016AAA,Harrell LLC,CO,43260.00,4,,Monica Herrera,2024-01-30
001000000000017AAA,"Romero, Gonzalez and Brooks",GA,4488.60,5,,Lisa Jackson,2022-07-26
001000000000018AAA,Ryan PLC,NC,7483.20,4,,Lisa Hensley,2024-03-15
001000000000019AAA,George Group,TX,7747.80,5,,Brian Ramirez,2023-09-24
001000000000020AAA,Rodriguez LLC,AZ,2867.64,1,,Brian Ramirez,2023-09-02
001000000000021AAA,Allen-Allen,NY,75985.20,10,,Lisa Jackson,2023-06-26
001000000000022AAA,"Arroyo, Miller and Tucker",IL,2165.40,3,,Monica Herrera,2022-02-04
001000000000023AAA,Spence PLC,TN,1521.84,1,Allison Hill,Carla Gray,2024-08-08
001000000000024AAA,Anderson Group,WA,15399.60,2,Gabrielle Davis,Lisa Jackson,2022-08-18
001000000000025AAA,"Martin, Rose and Obrien",NC,1687.68,2,Allison Hill,Jamie Arnold,2022-08-29
001000000000026AAA,Hickman Ltd,WA,11058.96,11,,Dylan Miller,2022-05-21
001000000000027AAA,"Harris, Collins and Carney",NC,3646.08,3,,Holly Wood,2023-03-08
001000000000028AAA,"Brooks, Lam and Hayes",UT,5250.00,2,,Jamie Arnold,2023-07-26
001000000000029AAA,Walker LLC,CA,845.76,1,Allison Hill,Carla Gray,2024-09-28
001000000000030AAA,Chapman and Sons,TX,4289.76,3,,Margaret Hawkins DDS,2025-08-09
001000000000031AAA,"Robinson, Jones and Welch",TN,23379.00,5,,Holly Wood,2022-09-18
001000000000032AAA,Jones Inc,CA,13581.60,2,,Monica Herrera,2022-12-05
001000000000033AAA,Jones-Young,CO,9048.48,4,,Lisa Hensley,2024-06-02
001000000000034AAA,"Washington, Ryan and Cummings",OH,7353.36,1,,Ryan Munoz,2023-12-16
001000000000035AAA,"Johnston, Sanchez and Kennedy",OH,2160.00,4,,Margaret Hawkins DDS,2023-05-31
001000000000036AAA,Lee-Davis,AZ,6678.00,1,,Monica Herrera,2023-01-10
001000000000037AAA,Gomez-Jenkins,WA,7284.00,5,Angie Henderson,Carla Gray,2025-12-06
001000000000038AAA,"Brown, Valdez and Lucas",CO,5515.20,2,Gina Moore,Jamie Arnold,2023-11-15
001000000000039AAA,Powell LLC,TX,5078.76,1,,Monica Herrera,2024-10-25
001000000000040AAA,Wright and Sons,UT,9941.40,5,,Brian Ramirez,2024-04-25
001000000000041AAA,"West, Henderson and Ramirez",NY,20924.16,4,,Lisa Jackson,2024-12-01
001000000000042AAA,Baxter Inc,OH,2691.36,2,,Lisa Jackson,2025-03-09
001000000000043AAA,Morton-Chase,CA,4479.36,2,,Lisa Hensley,2026-02-14
001000000000044AAA,Williams PLC,CA,5094.72,2,Angie Henderson,Monica Herrera,2023-08-16
001000000000045AAA,Novak and Sons,NY,3322.08,6,,Jamie Arnold,2025-01-22
001000000000046AAA,Russell Group,PA,18197.76,8,,Derek Zuniga,2024-12-08
001000000000047AAA,Hancock Inc,CO,6010.08,4,,Michele Williams,2025-12-24
001000000000048AAA,Gray Group,NC,14432.04,3,Abigail Shaffer,Brian Ramirez,2023-09-01
001000000000049AAA,House-Glover,NY,2320.20,3,,Jamie Arnold,2024-06-21
001000000000050AAA,Henderson-Bernard,CO,3343.68,4,,Carla Gray,2023-03-08
001000000000051AAA,"Stanley, Tucker and Lee",OH,7886.16,9,,Dylan Miller,2026-04-18
001000000000052AAA,Novak PLC,CA,10376.16,4,,Dylan Miller,2023-04-02
001000000000053AAA,"Daniels, Adkins and Brown",TX,5351.76,2,,Michele Williams,2023-09-11
001000000000054AAA,"Woods, Calhoun and Schmidt",TX,20493.36,3,Abigail Shaffer,Ryan Munoz,2022-07-06
001000000000055AAA,Yu Inc,NC,4410.00,2,,Jamie Arnold,2022-04-12
001000000000056AAA,"Hensley, Powell and David",FL,4302.96,2,,Michele Williams,2025-09-22
001000000000057AAA,"Sanchez, Wheeler and Harvey",PA,2705.76,3,,Monica Herrera,2025-11-08
001000000000058AAA,Sandoval-Cunningham,CA,2233.92,2,Daniel Wagner,Dylan Miller,2022-05-12
001000000000059AAA,Donovan-Harris,PA,2364.48,3,,Holly Wood,2021-11-12
001000000000060AAA,"Edwards, Baker and Anderson",UT,13125.00,5,,Dylan Miller,2021-11-02
001000000000061AAA,"Evans, Stewart and Walton",TX,2748.96,3,,Carla Gray,2025-08-10
001000000000062AAA,Smith PLC,CA,3240.00,6,,Brian Ramirez,2023-11-24
001000000000063AAA,"Ferrell, Jones and Lewis",CA,14234.64,7,,Derek Zuniga,2022-02-04
001000000000064AAA,Anderson-Bailey,GA,30990.72,16,Gina Moore,Monica Herrera,2023-06-08
001000000000065AAA,Suarez LLC,GA,7875.00,3,Gina Moore,Jamie Arnold,2024-08-09
001000000000066AAA,Moore-Bass,UT,748.68,1,Cristian Santos,Jamie Arnold,2024-06-14
001000000000067AAA,"Turner, Riggs and Roman",UT,28131.00,5,Noah Rhodes,Lisa Hensley,2022-10-12
001000000000068AAA,"Smith, Montoya and Evans",IL,4195.20,5,Daniel Wagner,Brian Ramirez,2024-05-23
001000000000069AAA,"Garcia, Humphrey and Baker",AZ,22729.44,4,Gabrielle Davis,Carla Gray,2022-12-13
001000000000070AAA,Newton and Sons,GA,20059.92,6,,Ryan Munoz,2022-05-17
001000000000071AAA,Campbell-Clark,CA,879.12,1,Allison Hill,Jamie Arnold,2024-09-25
001000000000072AAA,Harris-Walters,IL,40770.00,6,Cristian Santos,Jamie Arnold,2025-12-02
001000000000073AAA,Wagner-King,PA,12119.04,2,Gabrielle Davis,Lisa Jackson,2025-06-26
001000000000074AAA,Davis Group,IL,5680.08,6,Gina Moore,Holly Wood,2022-09-12
001000000000075AAA,Williams-Cook,OH,14340.24,6,,Michele Williams,2021-12-10
001000000000076AAA,Walsh LLC,FL,4063.68,2,,Holly Wood,2024-10-23
001000000000077AAA,Figueroa PLC,CA,32851.44,9,,Brian Ramirez,2024-04-27
001000000000078AAA,"Patterson, Smith and Jones",WA,2690.28,3,,Michele Williams,2023-10-20
001000000000079AAA,"Mckee, Gardner and Davenport",CA,11181.60,6,,Margaret Hawkins DDS,2026-02-05
001000000000080AAA,"Tran, Jordan and Williams",FL,16845.12,8,,Michele Williams,2023-04-30
001000000000081AAA,Nolan-Flynn,CO,10804.80,5,Daniel Wagner,Ryan Munoz,2023-12-31
001000000000082AAA,Nolan and Sons,FL,3969.00,5,,Monica Herrera,2023-12-10
001000000000083AAA,"Wright, Garcia and Deleon",TX,12760.20,5,Abigail Shaffer,Ryan Munoz,2025-11-16
001000000000084AAA,Dickson-Brady,FL,7814.16,2,Noah Rhodes,Brian Ramirez,2025-09-19
001000000000085AAA,Hancock and Sons,OH,4306.56,4,,Dylan Miller,2025-10-31
001000000000086AAA,Johnson-Doyle,GA,6575.52,4,,Brian Ramirez,2025-12-11
001000000000087AAA,Patton-Jenkins,GA,4026.60,5,,Holly Wood,2025-05-09
001000000000088AAA,"Shields, Cochran and Adams",FL,14888.28,11,Daniel Wagner,Holly Wood,2024-08-15
001000000000089AAA,"Rodriguez, Brennan and Garrison",FL,25700.76,3,,Michele Williams,2022-09-17
001000000000090AAA,Gonzalez Group,NC,1990.80,3,Angie Henderson,Carla Gray,2023-02-27
001000000000091AAA,Torres-Pope,PA,6899.04,4,,Carla Gray,2024-05-19
001000000000092AAA,Walker Ltd,CO,18928.32,8,,Monica Herrera,2023-04-30
001000000000093AAA,Ross LLC,AZ,26327.52,4,,Jamie Arnold,2023-08-12
001000000000094AAA,Rasmussen LLC,IL,16985.16,3,,Derek Zuniga,2023-09-27
001000000000095AAA,May-Ross,NC,13950.72,4,,Carla Gray,2021-10-29
001000000000096AAA,"Rivera, Johnson and Wiley",PA,5640.60,5,Noah Rhodes,Carla Gray,2025-07-08
001000000000097AAA,White-Estes,PA,6352.20,3,,Jamie Arnold,2023-07-30
001000000000098AAA,Johnson-Carlson,FL,12024.60,5,,Derek Zuniga,2024-12-29
001000000000099AAA,Chandler-Edwards,TN,1803.48,1,,Ryan Munoz,2024-04-24
001000000000100AAA,"Joyce, Wilson and Lam",NY,18247.68,16,Abigail Shaffer,Jamie Arnold,2023-06-19
001000000000101AAA,Scott Ltd,NC,3757.20,5,Cristian Santos,Lisa Hensley,2024-09-29
001000000000102AAA,Smith-Frost,GA,28174.56,4,,Ryan Munoz,2025-11-01
001000000000103AAA,"Mcdaniel, Bentley and Mclaughlin",CA,2281.32,3,Gabrielle Davis,Monica Herrera,2024-10-16
001000000000104AAA,Diaz Inc,IL,1242.72,2,Noah Rhodes,Lisa Jackson,2022-11-02
001000000000105AAA,"Mccall, Hanson and Alvarado",FL,1761.00,1,,Holly Wood,2022-06-18
001000000000106AAA,Cortez LLC,GA,10681.44,2,,Ryan Munoz,2023-11-30
001000000000107AAA,"Parker, Ortiz and Powell",FL,1623.24,1,Allison Hill,Holly Wood,2023-08-19
001000000000108AAA,Spencer-Lee,TN,16326.36,3,,Brian Ramirez,2026-04-02
001000000000109AAA,"Bentley, Byrd and Orr",OH,2246.16,1,Abigail Shaffer,Lisa Jackson,2024-08-28
001000000000110AAA,"Carroll, Sullivan and Bass",FL,6084.72,3,Cristian Santos,Carla Gray,2024-06-03
001000000000111AAA,Mitchell-Jordan,GA,12489.60,4,,Derek Zuniga,2025-05-07
001000000000112AAA,"Lawson, Morris and Ramos",GA,26687.64,7,Abigail Shaffer,Michele Williams,2022-03-01
001000000000113AAA,"Lewis, Kennedy and Santana",NY,5418.36,9,Connie Lawrence,Dylan Miller,2022-06-04
001000000000114AAA,"Jackson, Miller and Robertson",CA,860.28,1,Gina Moore,Ryan Munoz,2022-02-15
001000000000115AAA,"Harvey, Davis and Crane",IL,2075.76,2,Noah Rhodes,Derek Zuniga,2025-09-10
001000000000116AAA,Chambers and Sons,CO,13618.80,9,,Michele Williams,2022-06-12
001000000000117AAA,Hernandez Inc,FL,9353.28,4,Noah Rhodes,Derek Zuniga,2025-02-26
001000000000118AAA,Riggs PLC,IL,16695.00,3,,Lisa Jackson,2024-11-29
001000000000119AAA,Gibson Ltd,OH,11054.52,3,,Holly Wood,2026-04-20
001000000000120AAA,"Lee, Horton and Snyder",TX,3918.72,2,,Jamie Arnold,2026-04-25
001000000000121AAA,Hernandez Ltd,UT,4672.32,4,Cristian Santos,Carla Gray,2025-12-25
001000000000122AAA,Stafford Inc,WA,12638.16,6,,Lisa Hensley,2026-02-22
001000000000123AAA,Robinson-Brock,TX,1808.76,1,Cristian Santos,Lisa Jackson,2024-02-16
001000000000124AAA,"Holmes, Williams and Wright",UT,19643.40,7,Angie Henderson,Lisa Hensley,2022-02-18
001000000000125AAA,Bryant Group,NC,6515.88,1,,Lisa Hensley,2021-11-04
001000000000126AAA,"Schmidt, Hansen and Stewart",NY,10819.20,10,,Margaret Hawkins DDS,2024-04-09
001000000000127AAA,Salazar-Ball,TN,8082.24,4,,Lisa Hensley,2022-04-16
001000000000128AAA,"Simmons, Meadows and Griffin",PA,4198.20,5,,Ryan Munoz,2025-07-27
001000000000129AAA,Manning Group,UT,11958.12,3,,Carla Gray,2025-11-08
001000000000130AAA,Green-Wright,CA,7257.60,8,Noah Rhodes,Holly Wood,2023-09-07
001000000000131AAA,"Ramirez, Strickland and Washington",IL,5190.84,1,,Jamie Arnold,2024-11-18
001000000000132AAA,Hill Inc,CA,2862.00,3,,Monica Herrera,2023-09-12
001000000000133AAA,"Mitchell, Nelson and Flores",FL,1353.60,2,,Carla Gray,2026-04-22
001000000000134AAA,"Miller, Hernandez and Reyes",CO,3380.64,2,Allison Hill,Margaret Hawkins DDS,2022-04-26
001000000000135AAA,Mccarthy Inc,FL,7214.76,3,Angie Henderson,Lisa Hensley,2024-03-01
001000000000136AAA,Russell-Daniels,TX,7970.40,5,,Derek Zuniga,2024-07-18
001000000000137AAA,Brown-Wall,NC,16419.48,7,,Jamie Arnold,2026-01-30
001000000000138AAA,Stein-Silva,IL,2400.72,2,Daniel Wagner,Brian Ramirez,2026-02-12
001000000000139AAA,"Smith, Gilmore and Johnston",NC,7059.84,8,Noah Rhodes,Margaret Hawkins DDS,2025-01-15
001000000000140AAA,Smith-Bell,NC,9770.40,6,,Dylan Miller,2023-03-21
001000000000141AAA,Castaneda-Ashley,PA,797.88,1,Gabrielle Davis,Lisa Jackson,2025-01-12
001000000000142AAA,Medina-Navarro,CA,2522.88,3,,Holly Wood,2022-04-05
001000000000143AAA,"Hurst, Freeman and Nelson",NY,5483.88,3,,Lisa Jackson,2025-06-20
001000000000144AAA,Johnson-Rogers,UT,1418.16,2,,Derek Zuniga,2025-01-14
001000000000145AAA,"Yates, Ramsey and Pittman",PA,1988.64,1,,Lisa Jackson,2024-09-15
001000000000146AAA,Hooper PLC,NY,4549.20,2,,Carla Gray,2023-02-08
001000000000147AAA,Meadows PLC,IL,10817.76,2,Connie Lawrence,Lisa Jackson,2023-06-12
001000000000148AAA,"Alvarado, Miller and Patterson",UT,1778.64,2,Allison Hill,Lisa Jackson,2022-03-14
001000000000149AAA,White-Green,OH,42060.96,6,Abigail Shaffer,Margaret Hawkins DDS,2025-04-02
001000000000150AAA,Lewis-Murphy,WA,13151.88,7,,Lisa Jackson,2023-07-24
001000000000151AAA,Ramirez-Bean,GA,2981.04,1,Allison Hill,Michele Williams,2025-06-24
001000000000152AAA,King-Miller,FL,6700.68,3,Cristian Santos,Holly Wood,2025-12-06
001000000000153AAA,Curry Inc,NY,3261.60,1,,Holly Wood,2024-10-14
001000000000154AAA,Walker-Jones,IL,8256.48,4,,Jamie Arnold,2024-10-28
001000000000155AAA,"Williams, Johnson and Wright",CO,4780.80,5,,Jamie Arnold,2022-03-18
001000000000156AAA,Howell and Sons,NY,11338.32,7,,Michele Williams,2022-07-14
001000000000157AAA,Wells Inc,NY,10304.16,4,,Dylan Miller,2025-08-13
001000000000158AAA,"Gould, Marshall and Scott",CA,7973.28,3,,Dylan Miller,2021-11-10
001000000000159AAA,Jackson-Lawson,PA,9726.24,2,,Lisa Hensley,2022-02-27
001000000000160AAA,"Higgins, Strickland and Martin",TX,25177.68,3,,Brian Ramirez,2022-10-16
001000000000161AAA,Rodriguez-Johnson,PA,39600.00,8,,Carla Gray,2024-07-14
001000000000162AAA,Johnston-Odonnell,NY,30787.20,5,,Carla Gray,2023-05-26
001000000000163AAA,Sanders-Espinoza,TN,5512.80,1,,Dylan Miller,2023-09-28
001000000000164AAA,Vargas Ltd,NY,702.00,1,Angie Henderson,Holly Wood,2021-11-08
001000000000165AAA,Garcia LLC,WA,12778.92,7,,Ryan Munoz,2026-03-12
001000000000166AAA,"Burke, Martinez and Riggs",WA,4572.00,2,Allison Hill,Jamie Arnold,2022-08-30
001000000000167AAA,Reed Group,GA,3998.16,2,,Holly Wood,2025-06-09
001000000000168AAA,"Wood, Hunter and Peterson",CA,4723.20,2,,Dylan Miller,2026-04-28
001000000000169AAA,Short-Garcia,AZ,7878.00,2,Noah Rhodes,Jamie Arnold,2024-07-21
001000000000170AAA,Reid-Poole,WA,10051.20,12,,Ryan Munoz,2021-11-11
001000000000171AAA,"Hernandez, Thompson and Boyd",AZ,14812.08,2,Connie Lawrence,Ryan Munoz,2025-11-05
001000000000172AAA,"Nelson, Morton and Medina",TN,4038.72,2,Gina Moore,Jamie Arnold,2025-09-07
001000000000173AAA,Marshall-Petersen,CA,4521.00,5,Angie Henderson,Jamie Arnold,2023-12-27
001000000000174AAA,"Adams, Christian and Rivas",OH,12697.68,2,,Michele Williams,2022-02-06
001000000000175AAA,Ramirez Group,CO,5250.00,2,,Lisa Jackson,2022-05-17
001000000000176AAA,Christensen PLC,TX,21724.32,4,,Lisa Hensley,2023-12-11
001000000000177AAA,"Barnett, Rogers and Snyder",FL,1996.56,3,,Lisa Hensley,2022-11-23
001000000000178AAA,White-Lewis,IL,34035.84,12,,Jamie Arnold,2022-04-09
001000000000179AAA,Peterson-Beard,FL,10262.88,4,,Monica Herrera,2021-11-30
001000000000180AAA,"Beard, Peters and Black",TX,13838.04,9,,Carla Gray,2022-05-04
001000000000181AAA,Miller Ltd,CO,1835.76,1,,Jamie Arnold,2024-08-08
001000000000182AAA,Freeman-Chang,GA,1481.52,1,,Jamie Arnold,2026-03-08
001000000000183AAA,"Alvarez, Joseph and West",FL,8403.84,3,,Derek Zuniga,2026-02-11
001000000000184AAA,Davis and Sons,WA,24892.92,3,Noah Rhodes,Dylan Miller,2022-01-22
001000000000185AAA,Holt-Torres,NC,13158.60,7,Gabrielle Davis,Dylan Miller,2023-01-08
001000000000186AAA,"Wood, Tran and Cooper",UT,7350.00,2,,Ryan Munoz,2023-02-10
001000000000187AAA,"Pierce, Bell and Chavez",CA,14752.08,3,Angie Henderson,Brian Ramirez,2023-08-10
001000000000188AAA,King-Martinez,TX,2949.60,4,Connie Lawrence,Michele Williams,2021-11-20
001000000000189AAA,Stewart Ltd,AZ,85381.92,13,,Dylan Miller,2021-11-20
001000000000190AAA,"Tapia, Vaughn and Lee",PA,8631.12,2,,Lisa Hensley,2025-11-19
001000000000191AAA,"Washington, Hardy and Bray",CA,5302.08,6,,Ryan Munoz,2025-07-03
001000000000192AAA,"Carlson, Hooper and Wall",GA,1672.56,2,,Michele Williams,2025-07-29
001000000000193AAA,Perez-White,OH,9858.60,5,,Dylan Miller,2026-03-31
001000000000194AAA,Erickson and Sons,TX,27346.56,4,,Monica Herrera,2024-12-04
001000000000195AAA,Williams-Brown,TX,26366.40,5,Gina Moore,Carla Gray,2025-01-21
001000000000196AAA,Terry-Martinez,OH,14248.92,7,Cristian Santos,Derek Zuniga,2023-03-10
001000000000197AAA,Garcia-Smith,WA,5115.96,3,Gina Moore,Holly Wood,2025-02-18
001000000000198AAA,Harrison-Alexander,UT,4324.32,2,,Monica Herrera,2026-04-01
001000000000199AAA,Sheppard LLC,NC,25505.40,5,Allison Hill,Ryan Munoz,2023-04-01
001000000000200AAA,Wilson-Jones,GA,5148.72,6,Angie Henderson,Holly Wood,2023-12-29
001000000000201AAA,Jones-Soto,FL,2651.40,3,,Brian Ramirez,2022-06-28
001000000000202AAA,Hernandez PLC,NC,16611.84,8,,Lisa Hensley,2023-03-09
001000000000203AAA,Miller-Wright,TX,891.60,1,,Lisa Jackson,2026-05-25
001000000000204AAA,"Duran, Obrien and Gibbs",AZ,708.60,1,,Ryan Munoz,2024-11-01
001000000000205AAA,Rowe Group,UT,11878.56,6,,Michele Williams,2023-04-16
001000000000206AAA,Kerr-Evans,CO,7326.72,8,,Carla Gray,2024-05-08
001000000000207AAA,"Branch, Torres and Oliver",TN,10095.60,5,Allison Hill,Ryan Munoz,2022-11-18
001000000000208AAA,"Choi, Garcia and Farmer",FL,27442.08,12,,Monica Herrera,2025-05-08
001000000000209AAA,"Clark, Guerrero and Moore",TN,6678.00,7,Angie Henderson,Lisa Jackson,2025-01-19
001000000000210AAA,Arnold and Sons,PA,11329.92,6,,Holly Wood,2023-07-10
001000000000211AAA,Ortiz Ltd,UT,9619.20,6,,Margaret Hawkins DDS,2024-08-09
001000000000212AAA,"Harrison, Johnson and Roberts",WA,10474.92,3,,Derek Zuniga,2022-02-05
001000000000213AAA,Warner-Gibson,TN,10309.80,5,Cristian Santos,Holly Wood,2022-12-07
001000000000214AAA,"Hall, Baker and Moody",GA,6642.72,1,Gina Moore,Lisa Jackson,2022-09-13
001000000000215AAA,"Guerrero, Peck and Coleman",UT,18585.00,5,Noah Rhodes,Margaret Hawkins DDS,2024-12-09
001000000000216AAA,"Walker, Hernandez and Baker",TX,96525.00,13,,Jamie Arnold,2025-01-14
001000000000217AAA,Jones and Sons,CO,3916.20,1,,Monica Herrera,2022-12-21
001000000000218AAA,Larson-Holloway,IL,19141.44,8,,Lisa Jackson,2025-09-11
001000000000219AAA,Gonzales-Harrison,WA,1910.88,3,,Carla Gray,2023-05-14
001000000000220AAA,Lyons-Bender,CO,7628.16,4,Allison Hill,Derek Zuniga,2022-09-28
001000000000221AAA,"Fernandez, Kim and George",NY,9046.56,4,,Michele Williams,2024-10-26
001000000000222AAA,Navarro-Munoz,NY,2147.52,2,,Michele Williams,2024-06-23
001000000000223AAA,Davis Ltd,TX,7632.96,1,Allison Hill,Lisa Hensley,2024-10-17
001000000000224AAA,"Matthews, Smith and Hubbard",TX,6015.60,6,,Lisa Hensley,2025-09-04
001000000000225AAA,Johnston-Hines,GA,2334.60,3,Angie Henderson,Lisa Hensley,2023-10-19
001000000000226AAA,Ruiz Ltd,IL,2468.52,3,Gina Moore,Michele Williams,2022-02-01
001000000000227AAA,Moon-White,GA,20695.80,5,,Monica Herrera,2023-04-28
001000000000228AAA,"Graham, Olsen and Costa",WA,38362.68,9,Gabrielle Davis,Monica Herrera,2021-10-21
001000000000229AAA,Bailey-Cook,NY,2160.72,3,,Brian Ramirez,2023-05-08
001000000000230AAA,"Garcia, Martin and Jenkins",GA,4921.44,2,,Dylan Miller,2022-11-05
001000000000231AAA,Roberts-Landry,IL,1261.92,2,,Dylan Miller,2023-12-07
001000000000232AAA,"Johnson, Miller and King",CA,7088.40,5,,Ryan Munoz,2025-11-20
001000000000233AAA,Cordova Group,WA,6983.40,5,,Monica Herrera,2024-07-30
001000000000234AAA,"Bryan, Smith and Booth",TN,11257.20,5,,Dylan Miller,2026-02-09
001000000000235AAA,Gutierrez-Lopez,FL,5568.48,4,,Ryan Munoz,2023-10-17
001000000000236AAA,Dean-Jimenez,UT,3851.28,3,Daniel Wagner,Carla Gray,2024-06-26
001000000000237AAA,Wolf-Harris,PA,10192.20,5,Gabrielle Davis,Dylan Miller,2026-03-17
001000000000238AAA,"Anderson, Roberts and Gilmore",UT,2520.00,2,,Lisa Hensley,2025-07-20
001000000000239AAA,Martinez-Dudley,FL,4167.36,2,Allison Hill,Ryan Munoz,2021-10-20
001000000000240AAA,"Lloyd, Mckinney and Collins",TX,1651.68,1,Abigail Shaffer,Lisa Jackson,2024-03-16
001000000000241AAA,Tran Inc,NC,3214.08,4,,Holly Wood,2026-03-03
001000000000242AAA,Gay Inc,IL,14120.40,10,Gabrielle Davis,Holly Wood,2022-11-09
001000000000243AAA,Valentine-Holland,CA,10149.00,5,Cristian Santos,Lisa Jackson,2022-03-22
001000000000244AAA,Jimenez Ltd,AZ,19149.48,7,Cristian Santos,Jamie Arnold,2026-04-04
001000000000245AAA,Hicks-Hill,TX,9672.00,5,,Brian Ramirez,2024-07-30
001000000000246AAA,Baird-Sanchez,NC,3133.92,4,Gabrielle Davis,Brian Ramirez,2024-07-03
001000000000247AAA,"Thomas, Lee and Greene",GA,14550.48,3,Abigail Shaffer,Jamie Arnold,2023-12-05
001000000000248AAA,"Suarez, Shields and Hill",CO,22102.08,8,Abigail Shaffer,Holly Wood,2023-10-18
001000000000249AAA,Morgan-French,OH,16990.92,3,,Brian Ramirez,2024-04-12
001000000000250AAA,Hoover-Campbell,WA,8781.84,1,Gabrielle Davis,Derek Zuniga,2025-07-02
001000000000251AAA,Monroe-Carpenter,WA,734.16,1,Abigail Shaffer,Margaret Hawkins DDS,2024-01-18
001000000000252AAA,"Burns, Hernandez and Ryan",GA,35613.00,15,Noah Rhodes,Holly Wood,2025-06-13
001000000000253AAA,Cook-Hines,PA,7551.96,1,Angie Henderson,Ryan Munoz,2022-10-18
001000000000254AAA,Gibson-Morris,TX,3309.00,5,,Holly Wood,2022-01-26
001000000000255AAA,Pollard and Sons,OH,40205.16,9,,Jamie Arnold,2026-01-28
001000000000256AAA,"Reyes, Chase and Jenkins",GA,4144.32,3,Gina Moore,Holly Wood,2024-08-16
001000000000257AAA,Garner-Thornton,GA,25575.00,5,Allison Hill,Carla Gray,2025-05-27
001000000000258AAA,Hughes-Alvarado,PA,2350.08,3,,Lisa Jackson,2023-04-09
001000000000259AAA,"Pollard, Simpson and Johnson",TN,17370.00,2,,Ryan Munoz,2023-08-30
001000000000260AAA,"Sanford, Rivera and Garcia",IL,3676.32,6,,Derek Zuniga,2025-12-09
001000000000261AAA,Garcia-Lozano,TX,19005.60,10,Gina Moore,Brian Ramirez,2025-01-14
001000000000262AAA,Bowen Group,TN,3981.00,5,,Margaret Hawkins DDS,2024-11-11
001000000000263AAA,"Booker, Jones and Harrington",NY,27078.84,3,,Lisa Hensley,2023-07-27
001000000000264AAA,Morgan-Schwartz,NC,54916.56,6,,Holly Wood,2023-12-27
001000000000265AAA,"Miller, Murphy and Craig",TN,1692.00,2,,Jamie Arnold,2022-12-03
001000000000266AAA,"James, Stewart and Higgins",TX,3462.00,5,,Ryan Munoz,2025-11-15
001000000000267AAA,Brennan-Johnson,GA,19958.40,4,Abigail Shaffer,Michele Williams,2026-03-06
001000000000268AAA,Young Ltd,OH,10725.84,3,,Lisa Hensley,2026-04-15
001000000000269AAA,Bright-Francis,IL,60232.32,16,,Carla Gray,2022-08-16
001000000000270AAA,Good-Hodges,AZ,3306.96,2,,Michele Williams,2024-09-17
001000000000271AAA,"Brennan, Wallace and Benson",NY,13186.56,8,,Jamie Arnold,2025-11-29
001000000000272AAA,Williams Inc,UT,17949.96,3,Allison Hill,Derek Zuniga,2022-06-23
001000000000273AAA,Howard-Jordan,TX,2256.00,1,Connie Lawrence,Dylan Miller,2023-04-08
001000000000274AAA,Schmidt PLC,GA,16198.32,2,Angie Henderson,Margaret Hawkins DDS,2023-03-31
001000000000275AAA,"Sparks, Jackson and Miller",NC,8104.20,5,,Derek Zuniga,2025-11-20
001000000000276AAA,Harvey-Allen,UT,3766.80,2,Gina Moore,Monica Herrera,2022-07-11
001000000000277AAA,"Thomas, Murray and King",CA,13654.80,6,,Lisa Jackson,2022-11-05
001000000000278AAA,Estrada-Nolan,CA,22489.44,4,Angie Henderson,Dylan Miller,2024-07-07
001000000000279AAA,Santana-Byrd,IL,34999.20,6,,Ryan Munoz,2024-05-12
001000000000280AAA,Jones LLC,CA,4914.00,3,,Lisa Jackson,2022-01-12
001000000000281AAA,"Evans, Hayden and Vaughn",PA,983.88,1,,Ryan Munoz,2023-05-21
001000000000282AAA,Bruce-Gonzalez,GA,3771.60,5,,Dylan Miller,2024-03-12
001000000000283AAA,Castaneda-Rodriguez,IL,11028.96,2,,Lisa Hensley,2021-11-21
001000000000284AAA,Armstrong-Andrews,GA,4978.80,5,,Dylan Miller,2022-03-21
001000000000285AAA,"Phillips, Spence and Barrett",CA,7365.60,3,,Brian Ramirez,2023-07-31
001000000000286AAA,Smith-Grimes,UT,27587.16,3,,Brian Ramirez,2022-11-01
001000000000287AAA,"Beltran, Lozano and Mcgee",GA,9582.72,4,Cristian Santos,Lisa Hensley,2024-03-24
001000000000288AAA,Parsons-Hall,NY,5664.12,1,,Lisa Jackson,2024-04-21
001000000000289AAA,Robinson-Lee,PA,2358.00,3,Noah Rhodes,Holly Wood,2024-11-28
001000000000290AAA,Byrd-Le,WA,8136.00,2,,Margaret Hawkins DDS,2023-07-03
001000000000291AAA,"Becker, Taylor and Davis",NC,2520.00,2,Angie Henderson,Monica Herrera,2023-04-23
001000000000292AAA,"Lucas, Parker and Alexander",FL,2004.24,1,,Lisa Jackson,2024-01-16
001000000000293AAA,"Diaz, Anderson and Browning",WA,4965.12,3,Angie Henderson,Jamie Arnold,2023-05-11
001000000000294AAA,Burgess-Thompson,TX,28101.00,5,,Jamie Arnold,2023-05-09
001000000000295AAA,Buchanan LLC,WA,2520.00,2,Cristian Santos,Ryan Munoz,2023-01-15
001000000000296AAA,"Shaw, Nelson and Martin",TN,31100.40,5,Connie Lawrence,Jamie Arnold,2025-09-15
001000000000297AAA,Coffey-Phillips,UT,18490.80,10,Daniel Wagner,Monica Herrera,2022-03-25
001000000000298AAA,Brock-Mcdonald,NC,20175.84,12,Gina Moore,Jamie Arnold,2022-03-13
001000000000299AAA,Taylor and Sons,AZ,7476.96,4,,Carla Gray,2026-05-01
001000000000300AAA,"Ramsey, Whitney and Coffey",TX,62377.92,8,,Monica Herrera,2025-01-17
001000000000301AAA,"Diaz, Gibbs and Smith",UT,5195.16,3,,Margaret Hawkins DDS,2025-07-28
001000000000302AAA,"Martinez, Richardson and Curry",WA,998.16,1,,Carla Gray,2024-02-06
001000000000303AAA,Richards-Carson,UT,2264.52,1,,Derek Zuniga,2026-02-10
001000000000304AAA,Rodriguez-Hall,CA,57333.36,7,Angie Henderson,Derek Zuniga,2023-09-11
001000000000305AAA,Harvey PLC,OH,3157.92,3,,Margaret Hawkins DDS,2025-06-10
001000000000306AAA,Herman-Walker,WA,6634.56,2,Allison Hill,Michele Williams,2025-08-14
001000000000307AAA,Reid Group,WA,96107.40,15,,Holly Wood,2025-12-12
001000000000308AAA,"Turner, Ortiz and Taylor",NY,9354.60,5,Allison Hill,Lisa Jackson,2024-08-10
001000000000309AAA,Torres Group,GA,930.96,1,,Dylan Miller,2025-10-03
001000000000310AAA,Davis PLC,FL,3270.84,1,Gina Moore,Holly Wood,2024-08-23
001000000000311AAA,Price LLC,OH,700.08,1,,Michele Williams,2024-05-03
001000000000312AAA,"Avery, Horton and Fernandez",TX,42769.44,21,Gina Moore,Holly Wood,2024-02-15
001000000000313AAA,"Newton, Moore and Perry",AZ,3267.72,3,,Lisa Hensley,2023-02-01
001000000000314AAA,Bass PLC,NC,5013.60,2,,Carla Gray,2022-05-28
001000000000315AAA,Crosby-Ramirez,FL,10297.44,2,Cristian Santos,Margaret Hawkins DDS,2023-08-29
001000000000316AAA,"Wood, Ramos and Sampson",FL,11458.80,5,Daniel Wagner,Dylan Miller,2025-06-28
001000000000317AAA,Garcia-Jennings,OH,21143.52,3,Daniel Wagner,Derek Zuniga,2025-11-04
001000000000318AAA,"Winters, Newman and Brown",GA,8069.28,2,Abigail Shaffer,Lisa Jackson,2021-10-20
001000000000319AAA,Lopez-Martinez,TN,5625.00,5,Abigail Shaffer,Monica Herrera,2026-03-10
001000000000320AAA,Davis-Lewis,OH,4493.52,6,,Jamie Arnold,2023-07-27
001000000000321AAA,"Harper, Smith and Buchanan",PA,8264.64,4,,Jamie Arnold,2023-04-01
001000000000322AAA,Zhang PLC,NC,5629.20,2,Cristian Santos,Lisa Hensley,2023-07-05
001000000000323AAA,Jones PLC,FL,6033.12,2,Cristian Santos,Michele Williams,2026-04-05
001000000000324AAA,Willis and Sons,AZ,3790.32,2,,Ryan Munoz,2024-04-28
001000000000325AAA,Schroeder-Kramer,TX,4867.80,5,Gabrielle Davis,Holly Wood,2022-01-04
001000000000326AAA,"Smith, Garrison and Thomas",OH,7318.08,9,Angie Henderson,Michele Williams,2025-01-24
001000000000327AAA,Fernandez and Sons,UT,6960.24,7,,Ryan Munoz,2022-06-30
001000000000328AAA,Guerrero Inc,WA,5250.00,2,,Lisa Jackson,2022-12-10
001000000000329AAA,Smith and Sons,WA,915.24,1,Cristian Santos,Dylan Miller,2024-03-18
001000000000330AAA,"Morris, Thompson and Williams",CA,4591.68,2,,Carla Gray,2022-02-20
001000000000331AAA,"Fisher, Wilson and Brown",TX,25005.00,5,Gina Moore,Holly Wood,2025-01-01
001000000000332AAA,Strickland-Palmer,IL,1621.68,1,,Brian Ramirez,2022-12-27
001000000000333AAA,Hayes and Sons,TN,2130.48,3,Connie Lawrence,Lisa Hensley,2023-03-14
001000000000334AAA,"Williams, Logan and Camacho",FL,73414.44,11,,Derek Zuniga,2025-08-08
001000000000335AAA,"Turner, Schneider and Johnson",OH,10345.80,5,,Lisa Hensley,2022-04-23
001000000000336AAA,Boone-Simmons,IL,12471.48,7,Gabrielle Davis,Lisa Hensley,2022-08-07
001000000000337AAA,Henry Group,CA,2748.96,3,,Ryan Munoz,2024-01-26
001000000000338AAA,Lam LLC,UT,32805.00,9,,Derek Zuniga,2026-03-26
001000000000339AAA,"Hernandez, Martinez and Weber",NC,5121.36,6,,Carla Gray,2024-09-24
001000000000340AAA,"Kelley, Nguyen and Vang",WA,4986.24,8,,Holly Wood,2025-12-06
001000000000341AAA,"Phillips, Wagner and Jordan",AZ,3000.96,4,Abigail Shaffer,Brian Ramirez,2024-06-30
001000000000342AAA,"Wilson, Pena and Rich",OH,2296.32,4,,Lisa Jackson,2025-06-21
001000000000343AAA,"Le, Lewis and Hayes",CO,14565.60,14,,Derek Zuniga,2025-11-30
001000000000344AAA,Gutierrez Group,IL,6004.08,3,Gina Moore,Dylan Miller,2026-03-15
001000000000345AAA,Perry-Davis,IL,20559.96,9,,Dylan Miller,2025-01-25
001000000000346AAA,Edwards-Scott,CA,9619.20,5,,Derek Zuniga,2023-12-01
001000000000347AAA,Mcdaniel Group,PA,28875.00,11,,Carla Gray,2023-06-24
001000000000348AAA,Davis Inc,NY,7262.64,3,Angie Henderson,Brian Ramirez,2025-12-18
001000000000349AAA,Reynolds Ltd,GA,3263.04,2,Cristian Santos,Dylan Miller,2025-04-20
001000000000350AAA,"Watson, Anderson and Brown",PA,9682.56,3,,Lisa Hensley,2023-08-12
001000000000351AAA,"Hoffman, Santiago and Jenkins",CA,10204.20,3,Daniel Wagner,Michele Williams,2023-10-11
001000000000352AAA,"Pugh, Henderson and Moon",FL,6235.20,6,,Brian Ramirez,2023-11-06
001000000000353AAA,Schmitt PLC,GA,10752.12,3,,Margaret Hawkins DDS,2022-10-19
001000000000354AAA,Bell-Lane,CO,5718.60,3,,Jamie Arnold,2024-04-11
001000000000355AAA,Moore Group,NC,5846.40,5,,Jamie Arnold,2026-05-17
001000000000356AAA,Boone LLC,TX,2422.08,3,Daniel Wagner,Margaret Hawkins DDS,2023-09-07
001000000000357AAA,"Richardson, Farmer and Andrews",GA,10368.00,5,,Monica Herrera,2024-01-03
001000000000358AAA,Bruce-Villegas,NY,4530.96,6,,Carla Gray,2025-11-12
001000000000359AAA,"Austin, Day and Johnson",CA,20407.20,10,,Jamie Arnold,2024-04-07
001000000000360AAA,"Gallegos, Adams and White",NY,2520.00,2,Gabrielle Davis,Holly Wood,2026-02-04
001000000000361AAA,"Farmer, Dorsey and Bell",PA,1989.84,2,Daniel Wagner,Jamie Arnold,2025-09-05
001000000000362AAA,Kane PLC,IL,11595.60,6,,Dylan Miller,2022-02-12
001000000000363AAA,"Morales, Thomas and Schultz",NY,11286.00,6,,Derek Zuniga,2025-10-20
001000000000364AAA,Bennett Group,UT,11060.64,6,Noah Rhodes,Carla Gray,2025-07-03
001000000000365AAA,Moore-Collins,NY,19559.04,8,Connie Lawrence,Ryan Munoz,2022-07-05
001000000000366AAA,Frank-Bradley,CA,6450.24,2,,Jamie Arnold,2024-05-28
001000000000367AAA,Ware and Sons,TX,4012.20,5,,Margaret Hawkins DDS,2022-08-08
001000000000368AAA,Webster Inc,CA,12183.84,3,Allison Hill,Michele Williams,2026-02-24
001000000000369AAA,"Miller, Ramos and Coleman",CO,18140.40,5,,Margaret Hawkins DDS,2026-02-16
001000000000370AAA,"Ramos, Nelson and Fischer",PA,7444.80,3,,Ryan Munoz,2024-05-05
001000000000371AAA,Reed Inc,WA,7815.60,3,Daniel Wagner,Jamie Arnold,2023-08-08
001000000000372AAA,Gregory-Watkins,CO,3622.56,4,,Monica Herrera,2021-10-27
001000000000373AAA,"Estrada, Williams and Foster",TX,2343.60,3,,Brian Ramirez,2022-01-04
001000000000374AAA,"Brown, Harris and Dougherty",FL,16049.28,4,Daniel Wagner,Lisa Hensley,2023-06-12
001000000000375AAA,Duran LLC,UT,21723.24,7,,Jamie Arnold,2021-11-13
001000000000376AAA,Wilson-Jimenez,TX,15465.60,3,,Jamie Arnold,2025-09-07
001000000000377AAA,Thompson-James,CA,41750.64,6,Angie Henderson,Monica Herrera,2022-03-14
001000000000378AAA,"Hall, Hansen and Barnett",PA,2505.24,3,,Lisa Jackson,2023-07-08
001000000000379AAA,Jones-Hensley,TX,28231.68,4,,Derek Zuniga,2024-03-30
001000000000380AAA,Graham Group,CA,5250.00,2,Gabrielle Davis,Lisa Jackson,2026-05-14
001000000000381AAA,Atkins PLC,PA,9768.96,12,,Brian Ramirez,2024-11-15
001000000000382AAA,Berry-Mckinney,CO,14504.64,4,,Brian Ramirez,2024-03-24
001000000000383AAA,Roberts-Sullivan,UT,13253.76,6,,Lisa Hensley,2025-07-13
001000000000384AAA,Jackson-Meza,NC,13230.00,2,,Brian Ramirez,2021-11-01
001000000000385AAA,Collier-Gillespie,NY,8982.48,2,,Monica Herrera,2023-05-10
001000000000386AAA,Kim Inc,FL,1926.48,1,,Dylan Miller,2024-05-20
001000000000387AAA,"Miller, Harrell and Reese",GA,5876.64,3,,Lisa Hensley,2024-07-11
001000000000388AAA,Cook and Sons,GA,8043.00,1,Abigail Shaffer,Michele Williams,2025-03-03
001000000000389AAA,Dixon Inc,AZ,9766.08,4,Connie Lawrence,Derek Zuniga,2024-09-02
001000000000390AAA,"Hicks, Bullock and Bailey",TX,895.32,1,Angie Henderson,Ryan Munoz,2026-05-01
001000000000391AAA,"Mullen, Brewer and Hernandez",PA,5114.16,3,Gabrielle Davis,Lisa Hensley,2022-08-09
001000000000392AAA,Thomas and Sons,AZ,33084.24,14,,Monica Herrera,2023-09-13
001000000000393AAA,Morrison Ltd,GA,1028.64,1,Noah Rhodes,Dylan Miller,2024-10-11
001000000000394AAA,Thompson Ltd,IL,11247.36,8,,Carla Gray,2021-11-23
001000000000395AAA,Marshall-Elliott,OH,33214.08,4,,Lisa Jackson,2023-11-22
001000000000396AAA,"Cole, Glass and Cunningham",NC,12487.68,8,,Dylan Miller,2026-05-02
001000000000397AAA,"Downs, Morris and Maddox",UT,10046.40,5,,Lisa Jackson,2023-05-14
001000000000398AAA,Hernandez-Jones,CA,15519.36,8,Daniel Wagner,Brian Ramirez,2024-08-06
001000000000399AAA,Welch-Hogan,TX,4500.00,4,Connie Lawrence,Margaret Hawkins DDS,2024-04-25
001000000000400AAA,"Brown, Romero and Collins",IL,4520.40,2,,Jamie Arnold,2024-08-27
001000000000401AAA,Johnson-Wood,TN,1640.16,2,Angie Henderson,Michele Williams,2022-10-03
001000000000402AAA,Jones-Lin,TN,3375.00,3,,Carla Gray,2024-10-21
001000000000403AAA,Gilbert PLC,CA,7527.96,3,,Dylan Miller,2023-03-13
001000000000404AAA,Ford-Spencer,NC,8204.88,2,,Margaret Hawkins DDS,2024-05-21
001000000000405AAA,"Huang, Cole and Pacheco",IL,14787.36,4,,Lisa Jackson,2024-07-07
001000000000406AAA,"Lopez, Jacobs and Mason",CA,633.36,1,Connie Lawrence,Monica Herrera,2022-08-23
001000000000407AAA,Hayes LLC,AZ,19616.40,3,,Holly Wood,2024-06-20
001000000000408AAA,"Miller, Lucas and Williams",WA,5250.00,2,,Derek Zuniga,2021-11-16
001000000000409AAA,"Kim, Gonzales and Mills",PA,4335.48,3,,Jamie Arnold,2024-03-16
001000000000410AAA,Cox LLC,TN,11243.40,5,,Lisa Hensley,2022-01-09
001000000000411AAA,Ortiz-Morgan,CO,2768.64,4,,Brian Ramirez,2025-12-27
001000000000412AAA,"Williams, Mccoy and Cook",CA,7823.52,4,Cristian Santos,Brian Ramirez,2022-09-01
001000000000413AAA,Davis-Gregory,FL,14691.84,8,,Monica Herrera,2025-12-09
001000000000414AAA,King-York,TN,2514.24,3,Daniel Wagner,Ryan Munoz,2026-01-03
001000000000415AAA,"Marks, Cook and Aguilar",TX,6484.68,1,,Holly Wood,2023-09-18
001000000000416AAA,Rangel LLC,NC,7979.40,3,,Jamie Arnold,2025-08-17
001000000000417AAA,"Hale, Myers and Larson",PA,24762.96,6,,Ryan Munoz,2023-10-06
001000000000418AAA,Collins Group,AZ,3136.32,4,Abigail Shaffer,Michele Williams,2025-01-18
001000000000419AAA,"Conner, Li and Santiago",TX,28254.24,12,,Dylan Miller,2023-10-18
