stripe_customer_id,name,email,last_billing_date,metadata_salesforce_id,created
cus_000000004778,Perz,billing@perezinc.com,2026-06-14,,2022-06-29
cus_000000010476,Morales-Jones,billing@moralesjones.com,2026-06-01,001000000000001AAA,2022-03-25
cus_000000024666,"Walter, Edwards and Rios",billing@walteredwardsandrios.com,2026-06-15,001000000000002AAA,2025-08-01
cus_000000039108,Wilkerson-Day,billing@wilkersonday.com,2026-06-10,001000000000003AAA,2022-11-02
cus_000000046219,Baker and Sons,billing@bakerandsons.com,2026-06-15,001000000000004AAA,2024-12-03
cus_000000058849,"Hoffman, Baker and Richards",billing@hoffmanbakerandrichards.com,2026-06-09,001000000000005AAA,2025-08-30
cus_000000065410,"Ross, Robinson and Bright",billing@rossrobinsonandbright.com,2026-06-05,001000000000006AAA,2026-05-04
cus_000000070357,"Snyder, Campos & Callahan",billing@snydercamposandcallahan.com,2026-06-15,,2023-06-28
cus_000000081668,Burton Ltd,billing@burtonltd.com,2026-06-11,001000000000008AAA,2026-01-16
cus_000000091893,Carlson-Cruz,billing@carlsoncruz.com,2026-06-11,001000000000009AAA,2024-04-17
cus_000000102301,"Ferrell, Rice and",billing@ferrellriceandmaddox.com,2026-06-06,,2025-04-14
cus_000000116902,Frazier Inc,billing@frazierinc.com,2026-06-09,001000000000011AAA,2025-04-04
cus_000000127155,"Dyer, Potter and Mack",billing@dyerpotterandmack.com,2026-06-14,001000000000012AAA,2023-10-27
cus_000000139001,rodriguez-graham,billing@rodriguezgraham.com,2026-06-08,,2023-01-22
cus_000000141108,Sith-Bowen,billing@smithbowen.com,2026-06-04,,2022-08-08
cus_000000153912,"Baker, Mason and White",billing@bakermasonandwhite.com,2026-06-07,001000000000015AAA,2023-09-21
cus_000000160455,Harrell LLC,billing@harrellllc.com,2026-06-14,001000000000016AAA,2024-02-06
cus_000000173336,"Romero, Gonzalez and Brooks",billing@romerogonzalezandbrooks.com,2026-06-10,001000000000017AAA,2022-08-16
cus_000000189614,Ryan,billing@ryanplc.com,2026-06-01,,2024-03-30
cus_000000193362,George Group,billing@georgegroup.com,2026-05-01,001000000000019AAA,2023-10-18
cus_000000201072,Rodriguez LLC,billing@rodriguezllc.com,2026-06-02,001000000000020AAA,2023-09-05
cus_000000212011,Allen-Allen,billing@allenallen.com,2026-06-10,001000000000021AAA,2023-07-04
cus_000000224615,"Arroyo, Miller nd Tucker",billing@arroyomillerandtucker.com,2026-06-02,,2022-02-15
cus_000000232114,Spence,billing@spenceplc.com,2026-06-04,,2024-08-15
cus_000000249760,Anderson Group,billing@andersongroup.com,2026-05-11,001000000000024AAA,2022-09-01
cus_000000255507,"Martin, Rose and Obrien",billing@martinroseandobrien.com,2026-06-14,001000000000025AAA,2022-09-25
cus_000000263053,Hickman Ltd,billing@hickmanltd.com,2026-06-13,001000000000026AAA,2022-06-04
cus_000000275318,"Harris, Collins and Carney",billing@harriscollinsandcarney.com,2026-06-01,001000000000027AAA,2023-03-16
cus_000000280546,"Brooks, Lam and Hayes",billing@brookslamandhayes.com,2026-06-04,001000000000028AAA,2023-08-03
cus_000000291123,Walker LLC,billing@walkerllc.com,2026-06-03,001000000000029AAA,2024-10-18
cus_000000300071,Chapman and Sons,billing@chapmanandsons.com,2026-06-09,001000000000030AAA,2025-08-18
cus_000000318841,"Robinson, Jones and",billing@robinsonjonesandwelch.com,2026-06-13,,2022-10-08
cus_000000326684,Jones Inc,billing@jonesinc.com,2026-06-03,001000000000032AAA,2022-12-13
cus_000000336322,Jones-Young,billing@jonesyoung.com,2026-05-07,001000000000033AAA,2024-06-08
cus_000000346354,"Washington, Ryan and Cummings",billing@washingtonryanandcummings.com,2026-06-13,001000000000034AAA,2024-01-05
cus_000000358760,"Johnston, Sanchez and Kennedy",billing@johnstonsanchezandkennedy.com,2026-06-06,001000000000035AAA,2023-06-27
cus_000000360239,Lee-Davis,billing@leedavis.com,2026-01-19,,2023-01-26
cus_000000373215,Gomez-Jenkins,billing@gomezjenkins.com,2026-05-01,001000000000037AAA,2025-12-24
cus_000000388541,"Brown, Valdez and Lucas",billing@brownvaldezandlucas.com,2026-05-05,001000000000038AAA,2023-11-22
cus_000000398932,Powell LLC,billing@powellllc.com,2026-06-10,001000000000039AAA,2024-11-20
cus_000000409139,Wright and Sons,billing@wrightandsons.com,2026-06-12,001000000000040AAA,2024-04-27
cus_000000422931,Baxter Inc,billing@baxterinc.com,2026-06-11,001000000000042AAA,2025-03-12
cus_000000431203,Morton-Chase,billing@mortonchase.com,2026-06-07,001000000000043AAA,2026-02-15
cus_000000444399,Williams PLC,billing@williamsplc.com,2026-03-20,001000000000044AAA,2023-08-18
cus_000000452957,Novak and Sons,billing@novakandsons.com,2026-05-02,001000000000045AAA,2025-02-20
cus_000000468837,Russell Group,billing@russellgroup.com,2026-06-03,001000000000046AAA,2025-01-05
cus_000000470366,Hancock Inc,billing@hancockinc.com,2026-06-07,001000000000047AAA,2026-01-12
cus_000000486338,Gray Group,billing@graygroup.com,2026-05-05,001000000000048AAA,2023-09-04
cus_000000499060,House-Glover,billing@houseglover.com,2026-05-02,001000000000049AAA,2024-07-03
cus_000000509765,Henderson-Bernard,billing@hendersonbernard.com,2026-06-04,001000000000050AAA,2023-03-11
cus_000000516500,"Stanley, Tucker and Lee",billing@stanleytuckerandlee.com,2026-06-10,001000000000051AAA,2026-04-21
cus_000000529498,Novak PLC,billing@novakplc.com,2026-05-14,001000000000052AAA,2023-04-20
cus_000000540756,"Woods, Calhoun and Schmidt",billing@woodscalhounandschmidt.com,2026-06-04,001000000000054AAA,2022-07-12
cus_000000553592,yu,billing@yuinc.com,2026-06-11,,2022-04-12
cus_000000569253,"Hensley, Powel and David",billing@hensleypowellanddavid.com,2026-06-07,,2025-10-19
cus_000000576551,"Sanchez, Wheeler and Harvey",billing@sanchezwheelerandharvey.com,2026-06-05,001000000000057AAA,2025-11-08
cus_000000597144,Donovan-Harris,billing@donovanharris.com,2026-06-15,001000000000059AAA,2021-11-12
cus_000000608164,"Edwards, Baker and Anderson",billing@edwardsbakerandanderson.com,2026-06-09,001000000000060AAA,2021-11-13
cus_000000611412,"Evans, Stewart & Walton",billing@evansstewartandwalton.com,2026-06-11,,2025-08-30
cus_000000628468,Smith,billing@smithplc.com,2026-06-09,,2023-11-28
cus_000000639000,"Ferrell, Jnes and Lewis",billing@ferrelljonesandlewis.com,2026-06-12,,2022-02-20
cus_000000649638,Anderson-Bailey,billing@andersonbailey.com,2026-06-03,001000000000064AAA,2023-06-19
cus_000000650257,Suarez LLC,billing@suarezllc.com,2026-01-02,001000000000065AAA,2024-08-13
cus_000000676002,"Turner, Riggs and Roman",billing@turnerriggsandroman.com,2026-06-07,001000000000067AAA,2022-11-10
cus_000000687398,"Smith, Montoya and Evans",billing@smithmontoyaandevans.com,2026-05-04,001000000000068AAA,2024-06-10
cus_000000693229,"Garcia, Humphrey and Baker",billing@garciahumphreyandbaker.com,2026-06-13,001000000000069AAA,2022-12-26
cus_000000700383,Newton and Sons,billing@newtonandsons.com,2026-06-02,001000000000070AAA,2022-05-28
cus_000000716234,Campbell-Clark,billing@campbellclark.com,2026-06-04,001000000000071AAA,2024-10-22
cus_000000729223,Harris-Walters,billing@harriswalters.com,2026-06-06,001000000000072AAA,2025-12-26
cus_000000730214,Wagner-King,billing@wagnerking.com,2026-06-05,001000000000073AAA,2025-07-20
cus_000000752185,Williams-Cook,billing@williamscook.com,2026-01-29,001000000000075AAA,2021-12-28
cus_000000769462,Walsh LLC,billing@walshllc.com,2026-06-01,001000000000076AAA,2024-11-18
cus_000000776643,Figueroa PLC,billing@figueroaplc.com,2026-06-04,,2024-05-12
cus_000000787036,"Patterson, Smith and Jones",billing@pattersonsmithandjones.com,2026-02-08,001000000000078AAA,2023-11-04
cus_000000794044,"Mckee, Gardner and Davenport",billing@mckeegardneranddavenport.com,2026-06-08,001000000000079AAA,2026-02-17
cus_000000805999,"Tran, Jordan and Williams",billing@tranjordanandwilliams.com,2026-06-09,001000000000080AAA,2023-05-01
cus_000000819980,Nolan-Flynn,billing@nolanflynn.com,2025-12-20,001000000000081AAA,2024-01-03
cus_000000829844,Nolan and Sons,billing@nolanandsons.com,2026-03-15,001000000000082AAA,2023-12-11
cus_000000835125,"Wright, Garcia and Deleon",billing@wrightgarciaanddeleon.com,2026-06-05,001000000000083AAA,2025-11-28
cus_000000845738,Dickson-Brady,billing@dicksonbrady.com,2026-02-25,001000000000084AAA,2025-10-02
cus_000000858972,hancock and sons,billing@hancockandsons.com,2026-06-13,,2025-11-29
cus_000000866893,Johnson-Doyle,billing@johnsondoyle.com,2026-06-08,001000000000086AAA,2026-01-03
cus_000000871397,Patton-Jenkins,billing@pattonjenkins.com,2026-06-04,001000000000087AAA,2025-05-10
cus_000000883969,"Shields, Cochran and Adams",billing@shieldscochranandadams.com,2026-06-12,001000000000088AAA,2024-08-24
cus_000000897828,"Rodriguez, Brennan and Garrison",billing@rodriguezbrennanandgarrison.com,2026-06-11,001000000000089AAA,2022-10-13
cus_000000904274,Gonzalez Group,billing@gonzalezgroup.com,2026-06-04,001000000000090AAA,2023-03-22
cus_000000910595,Torres-Pope,billing@torrespope.com,2026-06-10,,2024-05-21
cus_000000926678,Walker Ltd,billing@walkerltd.com,2026-06-02,001000000000092AAA,2023-05-11
cus_000000934152,Ross LLC,billing@rossllc.com,2026-06-12,001000000000093AAA,2023-08-20
cus_000000944032,Rasmussen LLC,billing@rasmussenllc.com,2026-06-03,001000000000094AAA,2023-10-23
cus_000000958088,May-Ross,billing@mayross.com,2026-06-04,001000000000095AAA,2021-11-08
cus_000000962937,"Rivera, Johnson and Wiley",billing@riverajohnsonandwiley.com,2026-06-06,001000000000096AAA,2025-07-23
cus_000000976847,White-Estes,billing@whiteestes.com,2026-06-03,001000000000097AAA,2023-08-04
cus_000000987261,Johnson-Carlson,billing@johnsoncarlson.com,2026-06-09,001000000000098AAA,2025-01-26
cus_000000998444,Chandler-Edwards,billing@chandleredwards.com,2026-06-05,001000000000099AAA,2024-05-10
cus_000001003198,"Joyce, Wilson & Lam",billing@joycewilsonandlam.com,2026-06-10,,2023-07-11
cus_000001014548,Scott Ltd,billing@scottltd.com,2026-05-12,001000000000101AAA,2024-10-02
cus_000001026775,Smith-Frost,billing@smithfrost.com,2026-06-06,001000000000102AAA,2025-11-05
cus_000001039868,"Mcdaniel, Bentley and Mclaughlin",billing@mcdanielbentleyandmclaughlin.com,2026-06-14,001000000000103AAA,2024-10-28
cus_000001043419,Diaz Inc,billing@diazinc.com,2026-06-12,001000000000104AAA,2022-11-03
cus_000001051677,"Mccall, Hanson and Alvarado",billing@mccallhansonandalvarado.com,2026-06-11,001000000000105AAA,2022-07-16
cus_000001065370,Cortez LLC,billing@cortezllc.com,2026-06-06,001000000000106AAA,2023-12-27
cus_000001079558,"Parker, Ortiz and Powell",billing@parkerortizandpowell.com,2026-06-15,001000000000107AAA,2023-08-20
cus_000001083807,Spencer-Lee,billing@spencerlee.com,2026-06-08,001000000000108AAA,2026-04-27
cus_000001094956,"Bentley, Byrd and",billing@bentleybyrdandorr.com,2026-06-01,,2024-09-14
cus_000001107018,"Carroll, Sullivan and Bass",billing@carrollsullivanandbass.com,2026-06-15,001000000000110AAA,2024-07-01
cus_000001118868,Mitchell-Jordan,billing@mitchelljordan.com,2026-06-09,001000000000111AAA,2025-05-25
cus_000001125769,"Lawson, Morris & Ramos",billing@lawsonmorrisandramos.com,2026-06-04,,2022-03-04
cus_000001137089,"Lewis, Kennedy and Santana",billing@lewiskennedyandsantana.com,2026-06-14,001000000000113AAA,2022-06-04
cus_000001146981,"Jackson, Miller & Robertson",billing@jacksonmillerandrobertson.com,2026-01-09,,2022-03-10
cus_000001159491,"Harvey, Davis and Crane",billing@harveydavisandcrane.com,2026-06-09,001000000000115AAA,2025-09-26
cus_000001165725,Chambers and Sons,billing@chambersandsons.com,2026-06-09,001000000000116AAA,2022-06-26
cus_000001173729,hernandez,billing@hernandezinc.com,2026-06-07,,2025-02-26
cus_000001187229,Riggs PLC,billing@riggsplc.com,2026-06-03,001000000000118AAA,2024-12-26
cus_000001190538,Gibson Ltd,billing@gibsonltd.com,2026-06-01,001000000000119AAA,2026-04-29
cus_000001216081,Hernandez Ltd,billing@hernandezltd.com,2026-05-01,001000000000121AAA,2026-01-15
cus_000001227352,Stafford Inc,billing@staffordinc.com,2026-06-12,001000000000122AAA,2026-03-14
cus_000001230838,Robinson-Brock,billing@robinsonbrock.com,2026-06-08,,2024-03-01
cus_000001240637,"Holmes, Williams and Wright",billing@holmeswilliamsandwright.com,2026-06-14,001000000000124AAA,2022-02-28
cus_000001253849,Bryant Group,billing@bryantgroup.com,2026-05-08,001000000000125AAA,2021-12-03
cus_000001263170,"Schmidt, Hansen and Stewart",billing@schmidthansenandstewart.com,2026-06-10,001000000000126AAA,2024-05-08
cus_000001277001,Salazar-Ball,billing@salazarball.com,2026-06-15,001000000000127AAA,2022-05-06
cus_000001288197,"Simmons, Meadows and Griffin",billing@simmonsmeadowsandgriffin.com,2026-06-14,001000000000128AAA,2025-08-21
cus_000001302224,Green-Wright,billing@greenwright.com,2026-06-07,001000000000130AAA,2023-09-19
cus_000001315281,"Ramirez, Strickland and Washington",billing@ramirezstricklandandwashington.com,2026-06-10,001000000000131AAA,2024-12-17
cus_000001320406,Hill Inc,billing@hillinc.com,2026-06-15,001000000000132AAA,2023-09-26
cus_000001332142,"mitchell, nelson and flores",billing@mitchellnelsonandflores.com,2026-06-10,,2026-05-14
cus_000001342018,"Miller, Hernandez and Reyes",billing@millerhernandezandreyes.com,2026-06-05,001000000000134AAA,2022-05-19
cus_000001359938,Mccarthy Inc,billing@mccarthyinc.com,2026-03-09,001000000000135AAA,2024-03-24
cus_000001361699,Russell-Daniels,billing@russelldaniels.com,2026-06-03,001000000000136AAA,2024-07-22
cus_000001374370,Brown-Wall,billing@brownwall.com,2026-06-04,001000000000137AAA,2026-02-15
cus_000001387782,Stein-Silva,billing@steinsilva.com,2026-05-09,001000000000138AAA,2026-02-24
cus_000001391670,"Smith, Gilmore and Johnston",billing@smithgilmoreandjohnston.com,2026-05-10,001000000000139AAA,2025-02-13
cus_000001409044,Smith-Bell,billing@smithbell.com,2026-06-02,001000000000140AAA,2023-04-09
cus_000001416953,Castaneda-Ashley,billing@castanedaashley.com,2026-06-14,001000000000141AAA,2025-02-09
cus_000001424748,Medina-Navarro,billing@medinanavarro.com,2026-06-09,001000000000142AAA,2022-04-09
cus_000001436058,"Hurst, Freeman and Nelson",billing@hurstfreemanandnelson.com,2026-06-01,001000000000143AAA,2025-07-03
cus_000001447996,Johnson-Rogers,billing@johnsonrogers.com,2026-06-09,001000000000144AAA,2025-02-06
cus_000001454713,"Yates, Ramsey and Pittman",billing@yatesramseyandpittman.com,2026-06-02,001000000000145AAA,2024-09-26
cus_000001464220,Hooper PLC,billing@hooperplc.com,2026-06-15,001000000000146AAA,2023-02-26
cus_000001476369,Meadows PLC,billing@meadowsplc.com,2026-06-10,001000000000147AAA,2023-06-27
cus_000001485318,"Alvarado, Miller and Patterson",billing@alvaradomillerandpatterson.com,2026-06-08,001000000000148AAA,2022-04-12
cus_000001492537,White-Green,billing@whitegreen.com,2026-06-15,001000000000149AAA,2025-04-07
cus_000001507990,Lewis-Mrphy,billing@lewismurphy.com,2026-06-10,,2023-08-05
cus_000001513484,Ramirez-Bean,billing@ramirezbean.com,2026-06-06,001000000000151AAA,2025-07-08
cus_000001520524,King-Miller,billing@kingmiller.com,2026-06-04,001000000000152AAA,2025-12-21
cus_000001532695,Curry,billing@curryinc.com,2026-05-02,,2024-10-30
cus_000001549635,Walker-Jones,billing@walkerjones.com,2026-06-03,001000000000154AAA,2024-11-03
cus_000001559113,"Williams, Johnson and Wright",billing@williamsjohnsonandwright.com,2026-02-07,001000000000155AAA,2022-04-02
cus_000001569728,Howell and Sons,billing@howellandsons.com,2026-06-11,001000000000156AAA,2022-07-25
cus_000001579968,Wells Inc,billing@wellsinc.com,2026-06-08,001000000000157AAA,2025-09-01
cus_000001586697,"Gould, Marshall and Scott",billing@gouldmarshallandscott.com,2026-06-11,001000000000158AAA,2021-11-26
cus_000001594516,Jackson-Lawson,billing@jacksonlawson.com,2026-06-10,001000000000159AAA,2022-03-14
cus_000001608506,"Higgins, Strickland and Martin",billing@higginsstricklandandmartin.com,2026-06-11,001000000000160AAA,2022-11-08
cus_000001610238,Rodriguez-Johnson,billing@rodriguezjohnson.com,2026-06-02,001000000000161AAA,2024-08-03
cus_000001628343,Johnston-Odonnell,billing@johnstonodonnell.com,2026-06-12,,2023-06-09
cus_000001633354,Sanders-Espinoza,billing@sandersespinoza.com,2026-06-10,001000000000163AAA,2023-10-18
cus_000001646636,Vargas Ltd,billing@vargasltd.com,2026-02-16,001000000000164AAA,2021-11-19
cus_000001654063,Garcia,billing@garciallc.com,2026-06-01,,2026-03-13
cus_000001660317,"Burke, Martinez and Riggs",billing@burkemartinezandriggs.com,2026-06-04,001000000000166AAA,2022-09-01
cus_000001674237,Reed Group,billing@reedgroup.com,2026-06-13,001000000000167AAA,2025-06-24
cus_000001684083,"Wood, Hunter and Peterson",billing@woodhunterandpeterson.com,2026-06-12,001000000000168AAA,2026-05-26
cus_000001692247,Short-Garcia,billing@shortgarcia.com,2026-06-13,001000000000169AAA,2024-08-01
cus_000001702472,Reid-Poole,billing@reidpoole.com,2026-06-10,001000000000170AAA,2021-11-19
cus_000001715840,"Hernandez, Thompson & Boyd",billing@hernandezthompsonandboyd.com,2026-06-12,,2025-11-14
cus_000001726707,"Nelson, Morton and Medina",billing@nelsonmortonandmedina.com,2026-06-01,001000000000172AAA,2025-10-01
cus_000001732125,Marshall-Petersen,billing@marshallpetersen.com,2026-06-13,001000000000173AAA,2023-12-30
cus_000001742394,"Adams, Christian and Rivas",billing@adamschristianandrivas.com,2026-06-03,001000000000174AAA,2022-02-23
cus_000001759595,Ramirez Group,billing@ramirezgroup.com,2026-06-02,001000000000175AAA,2022-05-21
cus_000001760427,Christensen PLC,billing@christensenplc.com,2026-06-14,001000000000176AAA,2023-12-26
cus_000001779908,"Barnett, Rogers and Snyder",billing@barnettrogersandsnyder.com,2026-06-10,001000000000177AAA,2022-12-09
cus_000001789243,White-Lewis,billing@whitelewis.com,2026-06-02,001000000000178AAA,2022-04-28
cus_000001790315,Peterson-Beard,billing@petersonbeard.com,2026-06-08,001000000000179AAA,2021-12-12
cus_000001807699,"Beard, Peters and",billing@beardpetersandblack.com,2026-06-06,,2022-05-09
cus_000001811809,Miller Ltd,billing@millerltd.com,2026-06-02,001000000000181AAA,2024-08-27
cus_000001824629,Freeman-Chang,billing@freemanchang.com,2026-06-11,001000000000182AAA,2026-03-25
cus_000001833729,"Alvarez, Joseph and West",billing@alvarezjosephandwest.com,2026-06-13,001000000000183AAA,2026-02-21
cus_000001846660,Davis and Sons,billing@davisandsons.com,2026-05-01,001000000000184AAA,2022-01-22
cus_000001854347,Holt-Torres,billing@holttorres.com,2026-06-11,001000000000185AAA,2023-01-19
cus_000001877792,"Pierce, Bell and Chavez",billing@piercebellandchavez.com,2026-06-12,001000000000187AAA,2023-08-31
cus_000001884259,King-Martinez,billing@kingmartinez.com,2025-11-21,001000000000188AAA,2021-11-27
cus_000001892357,Stewart Ltd,billing@stewartltd.com,2026-06-13,001000000000189AAA,2021-11-26
cus_000001902736,"Tpia, Vaughn and Lee",billing@tapiavaughnandlee.com,2026-06-02,,2025-11-19
cus_000001915398,"Washington, Hardy and Bray",billing@washingtonhardyandbray.com,2026-06-14,001000000000191AAA,2025-07-09
cus_000001928307,"Carlson, Hooper and Wall",billing@carlsonhooperandwall.com,2026-06-07,001000000000192AAA,2025-08-20
cus_000001937690,Perez-White,billing@perezwhite.com,2026-06-15,001000000000193AAA,2026-04-13
cus_000001944377,Erickson and Sons,billing@ericksonandsons.com,2026-06-01,001000000000194AAA,2024-12-16
cus_000001951961,Williams-Brown,billing@williamsbrown.com,2026-06-08,001000000000195AAA,2025-02-07
cus_000001968633,Terry-Martinez,billing@terrymartinez.com,2026-06-13,001000000000196AAA,2023-03-17
cus_000001970567,Garcia-Smith,billing@garciasmith.com,2026-06-05,001000000000197AAA,2025-03-06
cus_000001983991,Harrison-Alexader,billing@harrisonalexander.com,2026-06-03,,2026-04-29
cus_000001993931,Sheppard LLC,billing@sheppardllc.com,2025-12-29,001000000000199AAA,2023-04-28
cus_000002001178,Wilson-Jones,billing@wilsonjones.com,2026-06-12,001000000000200AAA,2024-01-09
cus_000002012659,JonesSoto,billing@jonessoto.com,2026-06-09,,2022-07-08
cus_000002021520,Hernande PLC,billing@hernandezplc.com,2026-06-11,,2023-04-03
cus_000002034381,Miller-Wright,billing@millerwright.com,2026-06-10,001000000000203AAA,2026-05-29
cus_000002043343,"Duran, Obrien and",billing@duranobrienandgibbs.com,2026-06-03,,2024-11-08
cus_000002050707,Rowe Group,billing@rowegroup.com,2026-06-02,001000000000205AAA,2023-05-10
cus_000002075304,"Branch, Torres and Oliver",billing@branchtorresandoliver.com,2026-06-08,001000000000207AAA,2022-11-29
cus_000002085527,"Choi, Garcia and Farmer",billing@choigarciaandfarmer.com,2026-06-09,001000000000208AAA,2025-05-30
cus_000002090013,"Clark, Guerrero and Moore",billing@clarkguerreroandmoore.com,2026-06-15,001000000000209AAA,2025-02-01
cus_000002102542,Arnold and Sons,billing@arnoldandsons.com,2026-06-09,001000000000210AAA,2023-07-12
cus_000002110359,Ortiz Ltd,billing@ortizltd.com,2026-06-05,,2024-08-25
cus_000002125076,"Harrison, Johnson and Roberts",billing@harrisonjohnsonandroberts.com,2026-06-10,001000000000212AAA,2022-02-28
cus_000002134577,Warner-Gibson,billing@warnergibson.com,2026-05-08,001000000000213AAA,2022-12-24
cus_000002148161,"Hall, Baker and Moody",billing@hallbakerandmoody.com,2026-06-11,001000000000214AAA,2022-10-02
cus_000002159107,"Guerrero, Peck and Coleman",billing@guerreropeckandcoleman.com,2026-05-10,001000000000215AAA,2024-12-15
cus_000002167866,"Walker, Hernandez and Baker",billing@walkerhernandezandbaker.com,2026-06-07,001000000000216AAA,2025-02-03
cus_000002175827,Jones and Sons,billing@jonesandsons.com,2026-06-12,001000000000217AAA,2022-12-21
cus_000002185413,Larson-Holoway,billing@larsonholloway.com,2026-01-12,,2025-09-11
cus_000002192878,Gonzales-Harrison,billing@gonzalesharrison.com,2026-06-13,,2023-06-07
cus_000002204448,Lyons-Beder,billing@lyonsbender.com,2026-06-08,,2022-10-06
cus_000002211949,"Fernandez, Kim and George",billing@fernandezkimandgeorge.com,2026-06-11,001000000000221AAA,2024-11-22
cus_000002225891,Navarro-Munoz,billing@navarromunoz.com,2026-06-08,001000000000222AAA,2024-07-18
cus_000002239220,Davis Ltd,billing@davisltd.com,2026-06-12,001000000000223AAA,2024-10-29
cus_000002240457,"Matthews, Smith and Hubbard",billing@matthewssmithandhubbard.com,2026-06-03,001000000000224AAA,2025-10-01
cus_000002255835,Johnston-Hines,billing@johnstonhines.com,2025-12-26,001000000000225AAA,2023-10-22
cus_000002265297,Ruiz Ltd,billing@ruizltd.com,2026-06-12,001000000000226AAA,2022-02-01
cus_000002272897,Moon-White,billing@moonwhite.com,2026-02-10,001000000000227AAA,2023-05-08
cus_000002294543,Bailey-Cook,billing@baileycook.com,2026-06-08,001000000000229AAA,2023-05-24
cus_000002308393,"Garcia, Martin and Jenkins",billing@garciamartinandjenkins.com,2026-06-12,001000000000230AAA,2022-11-15
cus_000002317352,Roberts-Landry,billing@robertslandry.com,2026-06-10,001000000000231AAA,2024-01-04
cus_000002327484,"Johnson, Miller & King",billing@johnsonmillerandking.com,2026-06-07,,2025-12-10
cus_000002332811,Cordova Group,billing@cordovagroup.com,2026-06-05,001000000000233AAA,2024-08-13
cus_000002346347,"Bryan, Smith and Booth",billing@bryansmithandbooth.com,2026-06-01,001000000000234AAA,2026-02-17
cus_000002350038,Gutierrez-opez,billing@gutierrezlopez.com,2026-06-08,,2023-10-20
cus_000002363774,Dean-Jimenez,billing@deanjimenez.com,2026-06-12,001000000000236AAA,2024-07-03
cus_000002379776,Wolf-Harris,billing@wolfharris.com,2026-06-05,001000000000237AAA,2026-04-14
cus_000002386913,"Anderson, Roberts and Gilmore",billing@andersonrobertsandgilmore.com,2026-06-01,001000000000238AAA,2025-08-02
cus_000002390522,Martinez-Dudley,billing@martinezdudley.com,2026-05-09,001000000000239AAA,2021-10-27
cus_000002400926,"Lloyd, Mckinney and Collins",billing@lloydmckinneyandcollins.com,2026-02-02,001000000000240AAA,2024-04-08
cus_000002410881,Trn,billing@traninc.com,2026-06-02,,2026-03-12
cus_000002426839,Gay Inc,billing@gayinc.com,2026-06-13,001000000000242AAA,2022-12-05
cus_000002434275,Valentine-Holland,billing@valentineholland.com,2026-06-15,001000000000243AAA,2022-04-04
cus_000002442004,Jimenez Ltd,billing@jimenezltd.com,2026-06-12,001000000000244AAA,2026-04-16
cus_000002458735,Hicks-Hill,billing@hickshill.com,2026-01-16,,2024-08-05
cus_000002465264,Baird-Sanchez,billing@bairdsanchez.com,2026-06-02,001000000000246AAA,2024-07-24
cus_000002470773,"Thomas, Lee and Greene",billing@thomasleeandgreene.com,2026-06-12,001000000000247AAA,2023-12-27
cus_000002482012,"Suarez, Shields and Hill",billing@suarezshieldsandhill.com,2026-06-01,001000000000248AAA,2023-10-26
cus_000002494163,Morgan-French,billing@morganfrench.com,2026-06-05,001000000000249AAA,2024-04-27
cus_000002509159,Hoover-Campbell,billing@hoovercampbell.com,2026-06-02,001000000000250AAA,2025-07-08
cus_000002512558,Monroe-Carpenter,billing@monroecarpenter.com,2026-06-15,001000000000251AAA,2024-01-29
cus_000002528571,"Burns, Hernandez and Ryan",billing@burnshernandezandryan.com,2026-06-11,001000000000252AAA,2025-07-11
cus_000002534544,Cook-Hines,billing@cookhines.com,2026-02-01,001000000000253AAA,2022-11-07
cus_000002549171,Gibson-Morris,billing@gibsonmorris.com,2026-06-01,001000000000254AAA,2022-02-20
cus_000002556811,Pollard and,billing@pollardandsons.com,2025-12-29,,2026-02-26
cus_000002562390,"Reyes, Chase & Jenkins",billing@reyeschaseandjenkins.com,2026-06-05,,2024-09-06
cus_000002570208,Garner-Thornton,billing@garnerthornton.com,2026-05-08,001000000000257AAA,2025-06-11
cus_000002588543,Hughes-Alvarado,billing@hughesalvarado.com,2026-06-04,001000000000258AAA,2023-04-14
cus_000002598030,"Pollard, Simpson and Johnson",billing@pollardsimpsonandjohnson.com,2026-06-05,001000000000259AAA,2023-09-11
cus_000002608604,"Sanford, Rivera and Garcia",billing@sanfordriveraandgarcia.com,2026-06-07,001000000000260AAA,2025-12-28
cus_000002611571,Garcia-Lozano,billing@garcialozano.com,2026-06-01,001000000000261AAA,2025-02-05
cus_000002620561,Bowen Group,billing@bowengroup.com,2026-03-20,001000000000262AAA,2024-11-18
cus_000002638883,"Booker, Jones and Harrington",billing@bookerjonesandharrington.com,2026-06-04,001000000000263AAA,2023-08-22
cus_000002640463,Morgan-Schwartz,billing@morganschwartz.com,2026-06-15,001000000000264AAA,2024-01-07
cus_000002650941,"Miller, Murphy and Craig",billing@millermurphyandcraig.com,2026-06-07,001000000000265AAA,2022-12-11
cus_000002669673,"James, Stewart and Higgins",billing@jamesstewartandhiggins.com,2026-06-06,001000000000266AAA,2025-11-20
cus_000002676413,Brennan-Johnson,billing@brennanjohnson.com,2026-06-12,001000000000267AAA,2026-03-30
cus_000002688808,Young Ltd,billing@youngltd.com,2026-06-03,001000000000268AAA,2026-04-25
cus_000002696968,Bright-Francis,billing@brightfrancis.com,2026-05-13,001000000000269AAA,2022-08-30
cus_000002701073,Good-Hodges,billing@goodhodges.com,2026-06-05,001000000000270AAA,2024-09-23
cus_000002717480,"Brennan, Wallace and Benson",billing@brennanwallaceandbenson.com,2026-06-04,001000000000271AAA,2025-12-19
cus_000002725210,Williams Inc,billing@williamsinc.com,2026-06-01,001000000000272AAA,2022-07-16
cus_000002736911,Howard-Jordan,billing@howardjordan.com,2026-06-09,001000000000273AAA,2023-04-18
cus_000002742939,Schmidt PC,billing@schmidtplc.com,2026-06-15,,2023-03-31
cus_000002757906,"Sparks, Jackson and Miller",billing@sparksjacksonandmiller.com,2025-12-24,001000000000275AAA,2025-11-23
cus_000002768611,Harvey-Allen,billing@harveyallen.com,2026-02-01,001000000000276AAA,2022-07-28
cus_000002776877,"Thomas, Murray and King",billing@thomasmurrayandking.com,2026-06-10,001000000000277AAA,2022-11-26
cus_000002786048,Estrada-Nolan,billing@estradanolan.com,2026-06-04,001000000000278AAA,2024-07-14
cus_000002798071,Santana-Byrd,billing@santanabyrd.com,2026-06-11,001000000000279AAA,2024-05-28
cus_000002805450,Jones LLC,billing@jonesllc.com,2026-06-14,001000000000280AAA,2022-01-21
cus_000002810100,"Evans, Hayden and Vaughn",billing@evanshaydenandvaughn.com,2026-06-02,001000000000281AAA,2023-06-06
cus_000002823450,Bruce-Gonzalez,billing@brucegonzalez.com,2026-06-13,001000000000282AAA,2024-03-31
cus_000002833644,Castaneda-Rodriguez,billing@castanedarodriguez.com,2026-06-09,001000000000283AAA,2021-12-20
cus_000002846808,Armstrong-Andrews,billing@armstrongandrews.com,2026-06-05,001000000000284AAA,2022-04-03
cus_000002857081,"Phillips, Spence and",billing@phillipsspenceandbarrett.com,2026-06-11,,2023-08-18
cus_000002865779,Smith-Grimes,billing@smithgrimes.com,2026-06-07,001000000000286AAA,2022-11-28
cus_000002873175,"Beltran, Lozano & Mcgee",billing@beltranlozanoandmcgee.com,2026-06-12,,2024-03-31
cus_000002885694,ParsonsHall,billing@parsonshall.com,2026-06-14,,2024-04-27
cus_000002899214,Robinon-Lee,billing@robinsonlee.com,2026-06-08,,2024-12-02
cus_000002904026,Byr-Le,billing@byrdle.com,2026-06-07,,2023-07-08
cus_000002911585,"Becker, Talor and Davis",billing@beckertayloranddavis.com,2026-06-15,,2023-05-13
cus_000002923606,"Lucas, Parker and Alexander",billing@lucasparkerandalexander.com,2026-06-03,001000000000292AAA,2024-01-18
cus_000002934118,"Diaz, Anderson and",billing@diazandersonandbrowning.com,2026-06-01,,2023-05-21
cus_000002946035,Burgess-Thompson,billing@burgessthompson.com,2026-06-04,001000000000294AAA,2023-05-22
cus_000002953375,Buchanan LLC,billing@buchananllc.com,2026-06-03,001000000000295AAA,2023-01-22
cus_000002962607,"Shaw, Nelson and Martin",billing@shawnelsonandmartin.com,2026-06-01,001000000000296AAA,2025-09-22
cus_000002977186,Coffey-Phillips,billing@coffeyphillips.com,2026-06-11,001000000000297AAA,2022-04-04
cus_000002987412,Brock-Mcdonald,billing@brockmcdonald.com,2026-02-02,001000000000298AAA,2022-03-22
cus_000003003271,"Ramsey, Whitney and Coffey",billing@ramseywhitneyandcoffey.com,2026-06-13,001000000000300AAA,2025-02-13
cus_000003018761,"Diaz, Gibbs and Smith",billing@diazgibbsandsmith.com,2026-06-13,001000000000301AAA,2025-08-09
cus_000003022688,"Martinez, Richardson and Curry",billing@martinezrichardsonandcurry.com,2026-03-26,001000000000302AAA,2024-02-27
cus_000003030698,Richards-Carson,billing@richardscarson.com,2026-02-20,001000000000303AAA,2026-02-23
cus_000003045998,Rodriguez-Hall,billing@rodriguezhall.com,2026-06-14,001000000000304AAA,2023-10-01
cus_000003051070,Harvey PLC,billing@harveyplc.com,2026-05-12,001000000000305AAA,2025-06-10
cus_000003062766,Herman-Walker,billing@hermanwalker.com,2026-02-21,001000000000306AAA,2025-08-17
cus_000003075071,Reid Group,billing@reidgroup.com,2026-06-10,001000000000307AAA,2026-01-08
cus_000003082863,"Turner, Ortiz and Taylor",billing@turnerortizandtaylor.com,2026-06-07,001000000000308AAA,2024-08-23
cus_000003092149,Torres Group,billing@torresgroup.com,2026-06-01,001000000000309AAA,2025-10-04
cus_000003107031,Davis PLC,billing@davisplc.com,2026-06-07,001000000000310AAA,2024-08-30
cus_000003115469,Price LLC,billing@pricellc.com,2026-06-10,001000000000311AAA,2024-05-23
cus_000003128396,"avery, horton and fernandez",billing@averyhortonandfernandez.com,2026-06-10,,2024-03-03
cus_000003139106,"Newton, Moore and Perry",billing@newtonmooreandperry.com,2026-06-03,001000000000313AAA,2023-02-15
cus_000003140406,Bass PLC,billing@bassplc.com,2026-06-06,001000000000314AAA,2022-06-04
cus_000003157946,Crosby-Ramirez,billing@crosbyramirez.com,2026-01-12,001000000000315AAA,2023-09-21
cus_000003163144,"Wood, Ramos and Sampson",billing@woodramosandsampson.com,2026-06-12,001000000000316AAA,2025-07-03
cus_000003172917,Garcia-Jennings,billing@garciajennings.com,2026-06-13,001000000000317AAA,2025-11-11
cus_000003187408,"Winters, Newman and Brown",billing@wintersnewmanandbrown.com,2026-06-02,001000000000318AAA,2021-11-14
cus_000003190465,Lopez-Martinez,billing@lopezmartinez.com,2026-06-10,001000000000319AAA,2026-04-01
cus_000003207523,Davis-Lewis,billing@davislewis.com,2026-06-13,001000000000320AAA,2023-08-14
cus_000003218712,"Harper, Smith and Buchanan",billing@harpersmithandbuchanan.com,2026-06-15,001000000000321AAA,2023-04-02
cus_000003226996,zhang plc,billing@zhangplc.com,2026-05-02,,2023-07-31
cus_000003234999,Jones PLC,billing@jonesplc.com,2026-06-13,001000000000323AAA,2026-04-07
cus_000003247462,Willis and Sons,billing@willisandsons.com,2026-06-11,001000000000324AAA,2024-05-20
cus_000003254640,Schroeder-Kramer,billing@schroederkramer.com,2026-06-07,001000000000325AAA,2022-01-13
cus_000003260172,"Smith, Garrison and Thomas",billing@smithgarrisonandthomas.com,2026-06-05,001000000000326AAA,2025-02-20
cus_000003271842,Fernandez and Sons,billing@fernandezandsons.com,2026-05-14,001000000000327AAA,2022-07-25
cus_000003285887,Guerrero Inc,billing@guerreroinc.com,2026-06-07,001000000000328AAA,2022-12-30
cus_000003296941,Smith and Sons,billing@smithandsons.com,2026-05-06,001000000000329AAA,2024-04-12
cus_000003300334,"Morris, Thompson and Williams",billing@morristhompsonandwilliams.com,2026-06-06,001000000000330AAA,2022-03-21
cus_000003310433,"Fisher, Wilson and Brown",billing@fisherwilsonandbrown.com,2026-06-04,001000000000331AAA,2025-01-30
cus_000003322612,Strickland-Palmer,billing@stricklandpalmer.com,2026-06-15,001000000000332AAA,2023-01-21
cus_000003330834,Hayes and Sons,billing@hayesandsons.com,2026-06-04,001000000000333AAA,2023-03-27
cus_000003345418,"Williams, Logan and Camacho",billing@williamsloganandcamacho.com,2026-05-13,001000000000334AAA,2025-09-05
cus_000003351236,"Turner, Schneider and Johnson",billing@turnerschneiderandjohnson.com,2026-05-01,001000000000335AAA,2022-04-24
cus_000003366481,boone-simmons,billing@boonesimmons.com,2026-05-11,,2022-08-30
cus_000003370383,Henry Group,billing@henrygroup.com,2026-06-13,001000000000337AAA,2024-02-24
cus_000003385326,Lam LLC,billing@lamllc.com,2026-06-03,001000000000338AAA,2026-04-23
cus_000003391266,"Hernandez, Martinez and Weber",billing@hernandezmartinezandweber.com,2026-06-14,001000000000339AAA,2024-10-02
cus_000003404548,"Kelley, Nguyen and Vang",billing@kelleynguyenandvang.com,2026-06-08,001000000000340AAA,2025-12-06
cus_000003411029,"Phillips, Wagner and Jordan",billing@phillipswagnerandjordan.com,2026-06-05,001000000000341AAA,2024-07-09
cus_000003427369,"Wilson, Pena and Rich",billing@wilsonpenaandrich.com,2026-06-02,001000000000342AAA,2025-07-12
cus_000003430867,"Le, Lewis and Hayes",billing@lelewisandhayes.com,2026-06-01,001000000000343AAA,2025-12-01
cus_000003446559,Gutierrez Group,billing@gutierrezgroup.com,2026-06-05,001000000000344AAA,2026-03-25
cus_000003457920,Perry-Davis,billing@perrydavis.com,2026-06-10,001000000000345AAA,2025-02-02
cus_000003463627,Edwards-Scott,billing@edwardsscott.com,2026-06-13,001000000000346AAA,2023-12-07
cus_000003472664,Mcdaniel Group,billing@mcdanielgroup.com,2026-06-08,001000000000347AAA,2023-07-15
cus_000003484711,Davis Inc,billing@davisinc.com,2026-06-07,001000000000348AAA,2026-01-06
cus_000003490786,Reynolds Ltd,billing@reynoldsltd.com,2026-06-08,001000000000349AAA,2025-05-06
cus_000003504585,"Watson, Anderson and Brown",billing@watsonandersonandbrown.com,2026-06-10,001000000000350AAA,2023-09-08
cus_000003514234,"Hoffman, Santiago and Jenkins",billing@hoffmansantiagoandjenkins.com,2026-06-01,001000000000351AAA,2023-10-14
cus_000003526971,"Pugh, Henderson and Moon",billing@pughhendersonandmoon.com,2026-05-15,001000000000352AAA,2023-11-10
cus_000003539089,Schmitt PLC,billing@schmittplc.com,2026-06-05,001000000000353AAA,2022-10-30
cus_000003557844,Moore Group,billing@mooregroup.com,2026-06-10,001000000000355AAA,2026-06-05
cus_000003564648,Boone LLC,billing@boonellc.com,2026-06-09,001000000000356AAA,2023-09-24
cus_000003571826,"Richardson, Farmer and Andrews",billing@richardsonfarmerandandrews.com,2026-06-12,001000000000357AAA,2024-01-05
cus_000003587662,Bruce-Villegas,billing@brucevillegas.com,2026-06-02,001000000000358AAA,2025-12-10
cus_000003598618,"Austin, Day and Johnson",billing@austindayandjohnson.com,2026-06-15,001000000000359AAA,2024-04-16
cus_000003603579,"Gallegos, Adams and White",billing@gallegosadamsandwhite.com,2026-06-13,001000000000360AAA,2026-02-14
cus_000003617024,"Farmer, Dorsey and Bell",billing@farmerdorseyandbell.com,2026-06-14,001000000000361AAA,2025-09-23
cus_000003627963,Kane PLC,billing@kaneplc.com,2026-06-04,001000000000362AAA,2022-03-12
cus_000003633923,"Morales, Thomas and Schultz",billing@moralesthomasandschultz.com,2026-06-06,001000000000363AAA,2025-11-08
cus_000003645003,Bennett Group,billing@bennettgroup.com,2025-12-31,001000000000364AAA,2025-07-31
cus_000003653539,Moore-Collins,billing@moorecollins.com,2026-06-13,001000000000365AAA,2022-07-10
cus_000003663788,Frank-Bradley,billing@frankbradley.com,2026-06-13,001000000000366AAA,2024-06-15
cus_000003679532,Wre and Sons,billing@wareandsons.com,2026-06-08,,2022-08-23
cus_000003681591,Webster Inc,billing@websterinc.com,2026-06-05,001000000000368AAA,2026-03-06
cus_000003699438,"Miller, Ramos and Coleman",billing@millerramosandcoleman.com,2026-06-01,001000000000369AAA,2026-03-17
cus_000003701536,"Ramos, Nelson and Fischer",billing@ramosnelsonandfischer.com,2026-06-10,001000000000370AAA,2024-05-09
cus_000003716962,Reed Inc,billing@reedinc.com,2026-06-04,001000000000371AAA,2023-08-20
cus_000003724327,Gregory-Watkins,billing@gregorywatkins.com,2026-06-02,001000000000372AAA,2021-11-22
cus_000003739205,"Estrada, Williams and Foster",billing@estradawilliamsandfoster.com,2026-06-07,001000000000373AAA,2022-01-31
cus_000003747829,"Brown, Harris and ougherty",billing@brownharrisanddougherty.com,2026-05-12,,2023-07-08
cus_000003755403,Duran LLC,billing@duranllc.com,2026-06-13,001000000000375AAA,2021-11-14
cus_000003768163,Wilsn-Jimenez,billing@wilsonjimenez.com,2026-06-10,,2025-09-19
cus_000003775720,Thompson-James,billing@thompsonjames.com,2026-06-14,001000000000377AAA,2022-04-02
cus_000003786746,"Hall, Hansen and Barnett",billing@hallhansenandbarnett.com,2026-06-03,001000000000378AAA,2023-07-19
cus_000003798543,Jones-Hensley,billing@joneshensley.com,2026-06-13,001000000000379AAA,2024-04-23
cus_000003809421,Gaham,billing@grahamgroup.com,2026-06-08,,2026-06-08
cus_000003810794,atkins plc,billing@atkinsplc.com,2026-06-13,,2024-11-23
cus_000003821849,Berry-Mckinney,billing@berrymckinney.com,2026-06-15,,2024-04-06
cus_000003832193,Roberts-Sullivan,billing@robertssullivan.com,2026-06-15,001000000000383AAA,2025-07-13
cus_000003842163,Jackson-Meza,billing@jacksonmeza.com,2026-06-14,,2021-11-24
cus_000003852960,collier-gillespie,billing@colliergillespie.com,2026-06-09,,2023-05-26
cus_000003867828,Kim Inc,billing@kiminc.com,2026-06-09,001000000000386AAA,2024-05-22
cus_000003877954,"Miller, Harrell and Reese",billing@millerharrellandreese.com,2025-12-14,001000000000387AAA,2024-07-16
cus_000003882578,Cook and Sons,billing@cookandsons.com,2026-06-12,001000000000388AAA,2025-03-21
cus_000003890513,Dixon Inc,billing@dixoninc.com,2026-06-06,001000000000389AAA,2024-09-11
cus_000003901388,"Hicks, Bullock and Bailey",billing@hicksbullockandbailey.com,2026-06-13,001000000000390AAA,2026-05-07
cus_000003917733,"Mullen, Brewer and Hernandez",billing@mullenbrewerandhernandez.com,2026-06-04,001000000000391AAA,2022-08-15
cus_000003920434,thomas and sons,billing@thomasandsons.com,2026-06-02,,2023-09-15
cus_000003936227,Morrison Ltd,billing@morrisonltd.com,2026-05-05,001000000000393AAA,2024-11-09
cus_000003941676,Thompson Ltd,billing@thompsonltd.com,2026-06-09,001000000000394AAA,2021-12-14
cus_000003953626,Marshall-Elliott,billing@marshallelliott.com,2026-06-03,001000000000395AAA,2023-11-24
cus_000003966878,"Cole, Glass and Cunningham",billing@coleglassandcunningham.com,2026-06-13,001000000000396AAA,2026-05-08
cus_000003975136,"Downs, Morris and Maddox",billing@downsmorrisandmaddox.com,2026-06-06,001000000000397AAA,2023-05-29
cus_000003985972,Hernandez-Jones,billing@hernandezjones.com,2026-06-06,001000000000398AAA,2024-08-10
cus_000003992508,Welch-Hogan,billing@welchhogan.com,2026-06-13,001000000000399AAA,2024-05-17
cus_000004009326,"Brown, Romero and Collins",billing@brownromeroandcollins.com,2026-06-07,001000000000400AAA,2024-08-27
cus_000004014138,Johnson-Wood,billing@johnsonwood.com,2026-06-12,001000000000401AAA,2022-10-29
cus_000004022869,Jones-Lin,billing@joneslin.com,2026-06-10,001000000000402AAA,2024-11-03
cus_000004039042,Gilbert PLC,billing@gilbertplc.com,2026-06-06,001000000000403AAA,2023-04-11
cus_000004046552,Ford-Spencer,billing@fordspencer.com,2026-06-02,001000000000404AAA,2024-06-10
cus_000004056138,"Huang, Cole and Pacheco",billing@huangcoleandpacheco.com,2026-06-08,001000000000405AAA,2024-07-15
cus_000004068866,"Lopez, Jacobs and Mason",billing@lopezjacobsandmason.com,2026-06-11,001000000000406AAA,2022-08-24
cus_000004070585,Hayes LLC,billing@hayesllc.com,2026-03-30,001000000000407AAA,2024-07-08
cus_000004088375,"Miller, Lucas and Williams",billing@millerlucasandwilliams.com,2026-06-01,001000000000408AAA,2021-12-10
cus_000004096777,"Kim, Gonzales and Mills",billing@kimgonzalesandmills.com,2026-06-03,001000000000409AAA,2024-03-27
cus_000004103599,Cox,billing@coxllc.com,2026-06-13,,2022-01-16
cus_000004114190,ortiz-morgan,billing@ortizmorgan.com,2026-06-07,,2026-01-05
cus_000004129409,"Williams, Mccoy and Cook",billing@williamsmccoyandcook.com,2026-06-01,001000000000412AAA,2022-09-22
cus_000004131418,Davis-Gregory,billing@davisgregory.com,2026-06-12,001000000000413AAA,2025-12-17
cus_000004142594,King-York,billing@kingyork.com,2026-06-14,,2026-01-23
cus_000004158949,"Marks,ok and",billing@markscookandaguilar.com,2026-06-06,,2023-10-02
cus_000004161607,Rangel LLC,billing@rangelllc.com,2026-06-11,001000000000416AAA,2025-08-21
cus_000004178140,"Hale, Myers and Larson",billing@halemyersandlarson.com,2026-06-10,001000000000417AAA,2023-10-26
cus_000004185102,Collins Group,billing@collinsgroup.com,2026-06-11,001000000000418AAA,2025-02-04
cus_000004198483,"Conner, Li and Santiago",billing@connerliandsantiago.com,2026-06-12,001000000000419AAA,2023-11-11
cus_orphan0000872,"Osborn, Gaines and Davis",billing@osborngainesanddavis.com,2026-06-10,,2026-05-01
cus_orphan0016369,"Henderson, Cox and Cox",billing@hendersoncoxandcox.com,2026-06-12,,2026-03-22
cus_orphan0025248,Bean LLC,billing@beanllc.com,2026-06-05,,2026-05-11
cus_orphan0037798,Lee-Cooke,billing@leecooke.com,2026-06-05,,2025-06-18
cus_orphan0048387,"Wise, Conley and Stephenson",billing@wiseconleyandstephenson.com,2026-06-08,,2025-05-27
cus_orphan0059030,Stanley PLC,billing@stanleyplc.com,2026-06-10,,2025-12-03
cus_orphan0063983,Harper and Sons,billing@harperandsons.com,2026-06-13,,2025-06-19
