subscription_item_id,stripe_customer_id,price_nickname,unit_amount,currency,billing_interval,quantity
si_00000000_0,cus_000000004778,Hiring,6698,usd,month,4
si_00000001_0,cus_000000010476,Hiring,6916,usd,month,2
si_00000001_1,cus_000000010476,HR,9222,usd,month,2
si_00000002_0,cus_000000024666,Hiring,7858,usd,month,1
si_00000003_0,cus_000000039108,Hiring,5956,usd,month,6
si_00000003_1,cus_000000039108,HR,7942,usd,month,6
si_00000003_2,cus_000000039108,Payroll,1112,usd,month,78
si_00000004_0,cus_000000046219,Hiring,7317,usd,month,6
si_00000004_1,cus_000000046219,HR,9756,usd,month,6
si_00000004_2,cus_000000046219,Payroll,1366,usd,month,114
si_00000005_0,cus_000000058849,Hiring,6992,usd,month,1
si_00000006_0,cus_000000065410,Hiring,6667,usd,month,9
si_00000006_1,cus_000000065410,HR,8890,usd,month,9
si_00000006_2,cus_000000065410,Payroll,1245,usd,month,117
si_00000007_0,cus_000000070357,Hiring,91284,usd,year,2
si_00000007_1,cus_000000070357,HR,121704,usd,year,2
si_00000007_2,cus_000000070357,Payroll,17040,usd,year,14
si_00000008_0,cus_000000081668,Hiring,4500,usd,month,2
si_00000009_0,cus_000000091893,Hiring,101424,usd,year,1
si_00000010_0,cus_000000102301,Hiring,5400,usd,month,5
si_00000010_1,cus_000000102301,HR,7200,usd,month,5
si_00000011_0,cus_000000116902,Hiring,6883,usd,month,5
si_00000011_1,cus_000000116902,HR,9177,usd,month,5
si_00000012_0,cus_000000127155,Hiring,5480,usd,month,3
si_00000012_1,cus_000000127155,HR,7306,usd,month,3
si_00000013_0,cus_000000139001,HR,9818,usd,month,5
si_00000014_0,cus_000000141108,Hiring,6410,usd,month,4
si_00000014_1,cus_000000141108,HR,8547,usd,month,4
si_00000015_0,cus_000000153912,Hiring,92544,usd,year,15
si_00000015_1,cus_000000153912,HR,123396,usd,year,15
si_00000016_0,cus_000000160455,Hiring,9375,usd,month,4
si_00000016_1,cus_000000160455,HR,12500,usd,month,4
si_00000016_2,cus_000000160455,Payroll,1750,usd,month,156
si_00000017_0,cus_000000173336,Hiring,89772,usd,year,5
si_00000018_0,cus_000000189614,Hiring,6681,usd,month,4
si_00000018_1,cus_000000189614,HR,8909,usd,month,4
si_00000019_0,cus_000000193362,Hiring,66408,usd,year,5
si_00000019_1,cus_000000193362,HR,88548,usd,year,5
si_00000020_0,cus_000000201072,Hiring,65796,usd,year,1
si_00000020_1,cus_000000201072,Payroll,12276,usd,year,18
si_00000021_0,cus_000000212011,Hiring,7622,usd,month,10
si_00000021_1,cus_000000212011,HR,10163,usd,month,10
si_00000021_2,cus_000000212011,Payroll,1423,usd,month,320
si_00000022_0,cus_000000224615,Hiring,6015,usd,month,3
si_00000023_0,cus_000000232114,Hiring,5435,usd,month,1
si_00000023_1,cus_000000232114,HR,7247,usd,month,1
si_00000024_0,cus_000000249760,Hiring,7391,usd,month,1
si_00000024_1,cus_000000249760,HR,9854,usd,month,1
si_00000024_2,cus_000000249760,Payroll,1380,usd,month,34
si_00000025_0,cus_000000255507,Hiring,7032,usd,month,2
si_00000026_0,cus_000000263053,Hiring,8378,usd,month,7
si_00000027_0,cus_000000275318,HR,121536,usd,year,3
si_00000028_0,cus_000000280546,Hiring,9375,usd,month,2
si_00000028_1,cus_000000280546,HR,12500,usd,month,2
si_00000029_0,cus_000000291123,Hiring,7048,usd,month,1
si_00000030_0,cus_000000300071,Hiring,5107,usd,month,3
si_00000030_1,cus_000000300071,HR,6809,usd,month,3
si_00000031_0,cus_000000318841,Hiring,7590,usd,month,5
si_00000031_1,cus_000000318841,HR,10120,usd,month,5
si_00000031_2,cus_000000318841,Payroll,1417,usd,month,75
si_00000032_0,cus_000000326684,Hiring,6519,usd,month,2
si_00000032_1,cus_000000326684,HR,8693,usd,month,2
si_00000032_2,cus_000000326684,Payroll,1217,usd,month,68
si_00000033_0,cus_000000336322,Hiring,8079,usd,month,4
si_00000033_1,cus_000000336322,HR,10772,usd,month,4
si_00000034_0,cus_000000346354,Hiring,8340,usd,month,1
si_00000034_1,cus_000000346354,Payroll,1557,usd,month,34
si_00000035_0,cus_000000358760,Hiring,4500,usd,month,4
si_00000036_0,cus_000000360239,Hiring,6553,usd,month,1
si_00000036_1,cus_000000360239,HR,8738,usd,month,1
si_00000036_2,cus_000000360239,Payroll,1223,usd,month,33
si_00000037_0,cus_000000373215,Hiring,5203,usd,month,2
si_00000037_1,cus_000000373215,HR,6937,usd,month,2
si_00000038_0,cus_000000388541,Hiring,4500,usd,month,2
si_00000038_1,cus_000000388541,Payroll,840,usd,month,44
si_00000039_0,cus_000000398932,Hiring,7956,usd,month,1
si_00000039_1,cus_000000398932,HR,10607,usd,month,1
si_00000039_2,cus_000000398932,Payroll,1485,usd,month,16
si_00000040_0,cus_000000409139,Hiring,7101,usd,month,5
si_00000040_1,cus_000000409139,HR,9468,usd,month,5
si_00000042_0,cus_000000422931,HR,134568,usd,year,1
si_00000043_0,cus_000000431203,Hiring,7999,usd,month,2
si_00000043_1,cus_000000431203,HR,10665,usd,month,2
si_00000044_0,cus_000000444399,Hiring,109176,usd,year,2
si_00000044_1,cus_000000444399,HR,145560,usd,year,2
si_00000045_0,cus_000000452957,Hiring,4614,usd,month,4
si_00000046_0,cus_000000468837,Hiring,8124,usd,month,8
si_00000046_1,cus_000000468837,HR,10832,usd,month,8
si_00000047_0,cus_000000470366,Hiring,5366,usd,month,1
si_00000047_1,cus_000000470366,HR,7155,usd,month,1
si_00000048_0,cus_000000486338,Hiring,8469,usd,month,3
si_00000048_1,cus_000000486338,Payroll,1581,usd,month,60
si_00000049_0,cus_000000499060,Hiring,6445,usd,month,3
si_00000050_0,cus_000000509765,Hiring,6966,usd,month,4
si_00000051_0,cus_000000516500,Hiring,7302,usd,month,9
si_00000052_0,cus_000000529498,Hiring,5178,usd,month,5
si_00000052_1,cus_000000529498,Payroll,967,usd,month,85
si_00000054_0,cus_000000540756,Hiring,6704,usd,month,3
si_00000054_1,cus_000000540756,HR,8939,usd,month,3
si_00000054_2,cus_000000540756,Payroll,1251,usd,month,99
si_00000055_0,cus_000000553592,Hiring,7875,usd,month,1
si_00000055_1,cus_000000553592,HR,10500,usd,month,1
si_00000056_0,cus_000000569253,Hiring,92208,usd,year,2
si_00000056_1,cus_000000569253,HR,122940,usd,year,2
si_00000057_0,cus_000000576551,Hiring,7516,usd,month,3
si_00000059_0,cus_000000597144,Hiring,6568,usd,month,3
si_00000060_0,cus_000000608164,Hiring,9375,usd,month,5
si_00000060_1,cus_000000608164,HR,12500,usd,month,5
si_00000061_0,cus_000000611412,Hiring,7636,usd,month,1
si_00000062_0,cus_000000628468,Hiring,4500,usd,month,9
si_00000063_0,cus_000000639000,Hiring,7263,usd,month,7
si_00000063_1,cus_000000639000,HR,9683,usd,month,7
si_00000064_0,cus_000000649638,Hiring,6918,usd,month,18
si_00000064_1,cus_000000649638,HR,9223,usd,month,18
si_00000065_0,cus_000000650257,Hiring,112500,usd,year,3
si_00000065_1,cus_000000650257,HR,150000,usd,year,3
si_00000067_0,cus_000000676002,Hiring,9133,usd,month,5
si_00000067_1,cus_000000676002,HR,12177,usd,month,5
si_00000067_2,cus_000000676002,Payroll,1705,usd,month,75
si_00000068_0,cus_000000687398,Hiring,6992,usd,month,5
si_00000069_0,cus_000000693229,Hiring,85740,usd,year,4
si_00000069_1,cus_000000693229,HR,114312,usd,year,4
si_00000069_2,cus_000000693229,Payroll,16008,usd,year,92
si_00000070_0,cus_000000700383,Hiring,6635,usd,month,6
si_00000070_1,cus_000000700383,HR,8846,usd,month,6
si_00000070_2,cus_000000700383,Payroll,1238,usd,month,60
si_00000071_0,cus_000000716234,Hiring,7326,usd,month,1
si_00000072_0,cus_000000729223,Hiring,9375,usd,month,6
si_00000072_1,cus_000000729223,Payroll,1750,usd,month,162
si_00000073_0,cus_000000730214,Hiring,82488,usd,year,1
si_00000073_1,cus_000000730214,Payroll,15396,usd,year,34
si_00000075_0,cus_000000752185,Hiring,8536,usd,month,6
si_00000075_1,cus_000000752185,HR,11381,usd,month,6
si_00000076_0,cus_000000769462,Hiring,7257,usd,month,2
si_00000076_1,cus_000000769462,HR,9675,usd,month,2
si_00000077_0,cus_000000776643,Hiring,9312,usd,month,9
si_00000077_1,cus_000000776643,HR,12416,usd,month,9
si_00000077_2,cus_000000776643,Payroll,1738,usd,month,45
si_00000078_0,cus_000000787036,Hiring,7473,usd,month,3
si_00000079_0,cus_000000794044,Hiring,6656,usd,month,6
si_00000079_1,cus_000000794044,HR,8874,usd,month,6
si_00000080_0,cus_000000805999,Hiring,7520,usd,month,8
si_00000080_1,cus_000000805999,HR,10027,usd,month,8
si_00000081_0,cus_000000819980,Hiring,7718,usd,month,5
si_00000081_1,cus_000000819980,HR,10290,usd,month,5
si_00000082_0,cus_000000829844,Hiring,6615,usd,month,8
si_00000083_0,cus_000000835125,Hiring,9114,usd,month,3
si_00000083_1,cus_000000835125,HR,12153,usd,month,3
si_00000084_0,cus_000000845738,Hiring,6879,usd,month,1
si_00000084_1,cus_000000845738,Payroll,1284,usd,month,20
si_00000085_0,cus_000000858972,Hiring,8972,usd,month,4
si_00000086_0,cus_000000866893,Hiring,5871,usd,month,6
si_00000086_1,cus_000000866893,HR,7828,usd,month,6
si_00000087_0,cus_000000871397,Hiring,6711,usd,month,5
si_00000088_0,cus_000000883969,HR,11279,usd,month,11
si_00000089_0,cus_000000897828,Hiring,7885,usd,month,3
si_00000089_1,cus_000000897828,HR,10514,usd,month,3
si_00000089_2,cus_000000897828,Payroll,1472,usd,month,108
si_00000090_0,cus_000000904274,Hiring,5530,usd,month,1
si_00000091_0,cus_000000910595,Hiring,6160,usd,month,4
si_00000091_1,cus_000000910595,HR,8213,usd,month,4
si_00000092_0,cus_000000926678,Hiring,8450,usd,month,8
si_00000092_1,cus_000000926678,HR,11267,usd,month,8
si_00000093_0,cus_000000934152,Hiring,7659,usd,month,4
si_00000093_1,cus_000000934152,Payroll,1430,usd,month,132
si_00000094_0,cus_000000944032,Hiring,5554,usd,month,2
si_00000094_1,cus_000000944032,HR,7406,usd,month,2
si_00000094_2,cus_000000944032,Payroll,1037,usd,month,66
si_00000095_0,cus_000000958088,Hiring,6964,usd,month,1
si_00000095_1,cus_000000958088,Payroll,1300,usd,month,17
si_00000096_0,cus_000000962937,HR,9401,usd,month,5
si_00000097_0,cus_000000976847,Hiring,7562,usd,month,2
si_00000097_1,cus_000000976847,HR,10083,usd,month,2
si_00000098_0,cus_000000987261,Hiring,8589,usd,month,5
si_00000098_1,cus_000000987261,HR,11452,usd,month,5
si_00000099_0,cus_000000998444,Hiring,6441,usd,month,1
si_00000099_1,cus_000000998444,HR,8588,usd,month,1
si_00000100_0,cus_000001003198,HR,9504,usd,month,16
si_00000101_0,cus_000001014548,Hiring,75144,usd,year,6
si_00000102_0,cus_000001026775,Hiring,7400,usd,month,4
si_00000102_1,cus_000001026775,HR,9867,usd,month,4
si_00000102_2,cus_000001026775,Payroll,1381,usd,month,120
si_00000103_0,cus_000001039868,Hiring,6337,usd,month,3
si_00000104_0,cus_000001043419,Hiring,5178,usd,month,2
si_00000105_0,cus_000001051677,Hiring,6289,usd,month,1
si_00000105_1,cus_000001051677,HR,8386,usd,month,1
si_00000106_0,cus_000001065370,Hiring,5886,usd,month,1
si_00000106_1,cus_000001065370,HR,7848,usd,month,1
si_00000106_2,cus_000001065370,Payroll,1099,usd,month,28
si_00000107_0,cus_000001079558,Hiring,5797,usd,month,1
si_00000107_1,cus_000001079558,HR,7730,usd,month,1
si_00000108_0,cus_000001083807,Hiring,7071,usd,month,3
si_00000108_1,cus_000001083807,Payroll,1320,usd,month,87
si_00000109_0,cus_000001094956,Hiring,8022,usd,month,1
si_00000109_1,cus_000001094956,HR,10696,usd,month,1
si_00000110_0,cus_000001107018,Hiring,7244,usd,month,3
si_00000110_1,cus_000001107018,HR,9658,usd,month,3
si_00000111_0,cus_000001118868,Hiring,96384,usd,year,2
si_00000111_1,cus_000001118868,Payroll,17988,usd,year,24
si_00000112_0,cus_000001125769,Hiring,8302,usd,month,8
si_00000112_1,cus_000001125769,HR,11069,usd,month,8
si_00000112_2,cus_000001125769,Payroll,1550,usd,month,64
si_00000113_0,cus_000001137089,Hiring,5017,usd,month,5
si_00000114_0,cus_000001146981,Hiring,7169,usd,month,3
si_00000115_0,cus_000001159491,Hiring,8649,usd,month,2
si_00000116_0,cus_000001165725,Hiring,5404,usd,month,9
si_00000116_1,cus_000001165725,HR,7206,usd,month,9
si_00000117_0,cus_000001173729,Hiring,100212,usd,year,4
si_00000117_1,cus_000001173729,HR,133620,usd,year,4
si_00000118_0,cus_000001187229,Hiring,112500,usd,year,3
si_00000118_1,cus_000001187229,HR,150000,usd,year,3
si_00000118_2,cus_000001187229,Payroll,21000,usd,year,42
si_00000119_0,cus_000001190538,Hiring,7652,usd,month,3
si_00000119_1,cus_000001190538,HR,10203,usd,month,3
si_00000119_2,cus_000001190538,Payroll,1428,usd,month,27
si_00000121_0,cus_000001216081,HR,9734,usd,month,4
si_00000122_0,cus_000001227352,Hiring,7523,usd,month,8
si_00000122_1,cus_000001227352,HR,10030,usd,month,8
si_00000123_0,cus_000001230838,Hiring,6460,usd,month,1
si_00000123_1,cus_000001230838,HR,8613,usd,month,1
si_00000124_0,cus_000001240637,Hiring,6772,usd,month,7
si_00000124_1,cus_000001240637,HR,9029,usd,month,7
si_00000124_2,cus_000001240637,Payroll,1264,usd,month,42
si_00000125_0,cus_000001253849,Hiring,7757,usd,month,1
si_00000125_1,cus_000001253849,HR,10342,usd,month,1
si_00000125_2,cus_000001253849,Payroll,1448,usd,month,25
si_00000126_0,cus_000001263170,Hiring,9016,usd,month,6
si_00000127_0,cus_000001277001,Hiring,7216,usd,month,4
si_00000127_1,cus_000001277001,HR,9622,usd,month,4
si_00000128_0,cus_000001288197,Hiring,6997,usd,month,3
si_00000130_0,cus_000001302224,HR,7560,usd,month,8
si_00000131_0,cus_000001315281,Hiring,5868,usd,month,1
si_00000131_1,cus_000001315281,HR,7824,usd,month,1
si_00000131_2,cus_000001315281,Payroll,1095,usd,month,27
si_00000132_0,cus_000001320406,Hiring,7950,usd,month,3
si_00000133_0,cus_000001332142,Hiring,5640,usd,month,2
si_00000134_0,cus_000001342018,Hiring,6037,usd,month,2
si_00000134_1,cus_000001342018,HR,8049,usd,month,2
si_00000135_0,cus_000001359938,Hiring,103068,usd,year,3
si_00000135_1,cus_000001359938,HR,137424,usd,year,3
si_00000136_0,cus_000001361699,HR,8516,usd,month,2
si_00000136_1,cus_000001361699,Payroll,1192,usd,month,8
si_00000137_0,cus_000001374370,Hiring,100524,usd,year,10
si_00000137_1,cus_000001374370,HR,134040,usd,year,10
si_00000138_0,cus_000001387782,HR,10003,usd,month,2
si_00000139_0,cus_000001391670,Hiring,7354,usd,month,8
si_00000140_0,cus_000001409044,Hiring,69792,usd,year,6
si_00000140_1,cus_000001409044,HR,93048,usd,year,6
si_00000141_0,cus_000001416953,Hiring,79788,usd,year,1
si_00000142_0,cus_000001424748,Hiring,7008,usd,month,3
si_00000143_0,cus_000001436058,Hiring,6528,usd,month,4
si_00000143_1,cus_000001436058,HR,8705,usd,month,4
si_00000144_0,cus_000001447996,Hiring,5909,usd,month,2
si_00000145_0,cus_000001454713,Hiring,7102,usd,month,1
si_00000145_1,cus_000001454713,HR,9470,usd,month,1
si_00000146_0,cus_000001464220,Hiring,97488,usd,year,1
si_00000146_1,cus_000001464220,HR,129972,usd,year,1
si_00000147_0,cus_000001476369,Hiring,5425,usd,month,2
si_00000147_1,cus_000001476369,HR,7233,usd,month,2
si_00000147_2,cus_000001476369,Payroll,1013,usd,month,64
si_00000148_0,cus_000001485318,Hiring,7411,usd,month,2
si_00000149_0,cus_000001492537,Hiring,8159,usd,month,6
si_00000149_1,cus_000001492537,Payroll,1523,usd,month,198
si_00000150_0,cus_000001507990,Hiring,6710,usd,month,7
si_00000150_1,cus_000001507990,HR,8947,usd,month,7
si_00000151_0,cus_000001513484,Hiring,56328,usd,year,1
si_00000151_1,cus_000001513484,Payroll,10512,usd,year,23
si_00000152_0,cus_000001520524,Hiring,7977,usd,month,3
si_00000152_1,cus_000001520524,HR,10636,usd,month,3
si_00000153_0,cus_000001532695,Hiring,4500,usd,month,1
si_00000153_1,cus_000001532695,Payroll,840,usd,month,27
si_00000154_0,cus_000001549635,Hiring,7372,usd,month,4
si_00000154_1,cus_000001549635,HR,9829,usd,month,4
si_00000155_0,cus_000001559113,Hiring,7968,usd,month,5
si_00000156_0,cus_000001569728,Hiring,5785,usd,month,7
si_00000156_1,cus_000001569728,HR,7713,usd,month,7
si_00000157_0,cus_000001579968,Hiring,9200,usd,month,4
si_00000157_1,cus_000001579968,HR,12267,usd,month,4
si_00000158_0,cus_000001586697,Hiring,6836,usd,month,3
si_00000158_1,cus_000001586697,Payroll,1276,usd,month,36
si_00000159_0,cus_000001594516,Hiring,8862,usd,month,2
si_00000159_1,cus_000001594516,HR,11816,usd,month,2
si_00000159_2,cus_000001594516,Payroll,1654,usd,month,24
si_00000160_0,cus_000001608506,Hiring,8058,usd,month,1
si_00000160_1,cus_000001608506,HR,10744,usd,month,1
si_00000160_2,cus_000001608506,Payroll,1504,usd,month,34
si_00000161_0,cus_000001610238,Hiring,4754,usd,month,8
si_00000161_1,cus_000001610238,HR,6338,usd,month,8
si_00000161_2,cus_000001610238,Payroll,887,usd,month,272
si_00000162_0,cus_000001628343,Hiring,8726,usd,month,5
si_00000162_1,cus_000001628343,HR,11635,usd,month,5
si_00000162_2,cus_000001628343,Payroll,1629,usd,month,95
si_00000163_0,cus_000001633354,Hiring,5659,usd,month,1
si_00000163_1,cus_000001633354,HR,7545,usd,month,1
si_00000163_2,cus_000001633354,Payroll,1056,usd,month,31
si_00000164_0,cus_000001646636,Hiring,5850,usd,month,1
si_00000165_0,cus_000001654063,Hiring,4939,usd,month,7
si_00000165_1,cus_000001654063,HR,6586,usd,month,7
si_00000165_2,cus_000001654063,Payroll,922,usd,month,28
si_00000166_0,cus_000001660317,Hiring,8164,usd,month,5
si_00000166_1,cus_000001660317,HR,10886,usd,month,5
si_00000167_0,cus_000001674237,Hiring,7140,usd,month,2
si_00000167_1,cus_000001674237,HR,9519,usd,month,2
si_00000168_0,cus_000001684083,Hiring,8434,usd,month,2
si_00000168_1,cus_000001684083,HR,11246,usd,month,2
si_00000169_0,cus_000001692247,Hiring,8178,usd,month,2
si_00000169_1,cus_000001692247,HR,10904,usd,month,2
si_00000169_2,cus_000001692247,Payroll,1527,usd,month,18
si_00000170_0,cus_000001702472,Hiring,6980,usd,month,10
si_00000171_0,cus_000001715840,Hiring,9057,usd,month,2
si_00000171_1,cus_000001715840,HR,12076,usd,month,2
si_00000171_2,cus_000001715840,Payroll,1691,usd,month,48
si_00000172_0,cus_000001726707,Hiring,7212,usd,month,2
si_00000172_1,cus_000001726707,HR,9616,usd,month,2
si_00000173_0,cus_000001732125,Hiring,7535,usd,month,5
si_00000174_0,cus_000001742394,Hiring,6368,usd,month,2
si_00000174_1,cus_000001742394,HR,8491,usd,month,2
si_00000174_2,cus_000001742394,Payroll,1189,usd,month,64
si_00000175_0,cus_000001759595,Hiring,9375,usd,month,2
si_00000175_1,cus_000001759595,HR,12500,usd,month,2
si_00000176_0,cus_000001760427,Hiring,8551,usd,month,4
si_00000176_1,cus_000001760427,Payroll,1596,usd,month,92
si_00000177_0,cus_000001779908,Hiring,5546,usd,month,3
si_00000178_0,cus_000001789243,Hiring,4965,usd,month,12
si_00000178_1,cus_000001789243,HR,6620,usd,month,12
si_00000178_2,cus_000001789243,Payroll,927,usd,month,156
si_00000179_0,cus_000001790315,Hiring,7004,usd,month,4
si_00000179_1,cus_000001790315,Payroll,1307,usd,month,44
si_00000180_0,cus_000001807699,Hiring,65892,usd,year,10
si_00000180_1,cus_000001807699,HR,87864,usd,year,10
si_00000181_0,cus_000001811809,Hiring,6556,usd,month,1
si_00000181_1,cus_000001811809,HR,8742,usd,month,1
si_00000182_0,cus_000001824629,Hiring,5291,usd,month,1
si_00000182_1,cus_000001824629,HR,7055,usd,month,1
si_00000183_0,cus_000001833729,Hiring,77520,usd,year,3
si_00000183_1,cus_000001833729,Payroll,14472,usd,year,42
si_00000184_0,cus_000001846660,Hiring,104592,usd,year,3
si_00000184_1,cus_000001846660,HR,139452,usd,year,3
si_00000184_2,cus_000001846660,Payroll,19524,usd,year,90
si_00000185_0,cus_000001854347,Hiring,4796,usd,month,7
si_00000185_1,cus_000001854347,HR,6394,usd,month,7
si_00000185_2,cus_000001854347,Payroll,895,usd,month,35
si_00000187_0,cus_000001877792,Hiring,7442,usd,month,3
si_00000187_1,cus_000001877792,HR,9923,usd,month,3
si_00000187_2,cus_000001877792,Payroll,1389,usd,month,51
si_00000188_0,cus_000001884259,Hiring,6145,usd,month,1
si_00000189_0,cus_000001892357,Hiring,6588,usd,month,13
si_00000189_1,cus_000001892357,HR,8784,usd,month,13
si_00000189_2,cus_000001892357,Payroll,1230,usd,month,416
si_00000190_0,cus_000001902736,Hiring,7863,usd,month,2
si_00000190_1,cus_000001902736,HR,10484,usd,month,2
si_00000190_2,cus_000001902736,Payroll,1468,usd,month,24
si_00000191_0,cus_000001915398,Hiring,7364,usd,month,6
si_00000192_0,cus_000001928307,Hiring,6969,usd,month,4
si_00000193_0,cus_000001937690,Hiring,7042,usd,month,5
si_00000193_1,cus_000001937690,HR,9389,usd,month,5
si_00000194_0,cus_000001944377,Hiring,84480,usd,year,4
si_00000194_1,cus_000001944377,Payroll,15768,usd,year,152
si_00000195_0,cus_000001951961,Hiring,7474,usd,month,3
si_00000195_1,cus_000001951961,HR,9965,usd,month,3
si_00000195_2,cus_000001951961,Payroll,1395,usd,month,57
si_00000196_0,cus_000001968633,Hiring,7270,usd,month,8
si_00000196_1,cus_000001968633,HR,9693,usd,month,8
si_00000197_0,cus_000001970567,Hiring,6090,usd,month,1
si_00000197_1,cus_000001970567,HR,8121,usd,month,1
si_00000198_0,cus_000001983991,Hiring,92664,usd,year,1
si_00000198_1,cus_000001983991,HR,123552,usd,year,1
si_00000199_0,cus_000001993931,HR,116988,usd,year,5
si_00000199_1,cus_000001993931,Payroll,16380,usd,year,120
si_00000200_0,cus_000002001178,Hiring,7151,usd,month,6
si_00000201_0,cus_000002012659,Hiring,7365,usd,month,3
si_00000202_0,cus_000002021520,Hiring,7416,usd,month,8
si_00000202_1,cus_000002021520,HR,9888,usd,month,8
si_00000203_0,cus_000002034381,Hiring,7430,usd,month,1
si_00000204_0,cus_000002043343,Hiring,5905,usd,month,1
si_00000205_0,cus_000002050707,Hiring,84852,usd,year,6
si_00000205_1,cus_000002050707,HR,113124,usd,year,6
si_00000207_0,cus_000002075304,Hiring,86532,usd,year,5
si_00000207_1,cus_000002075304,HR,115380,usd,year,5
si_00000208_0,cus_000002085527,Hiring,8167,usd,month,12
si_00000208_1,cus_000002085527,HR,10890,usd,month,12
si_00000209_0,cus_000002090013,Hiring,7950,usd,month,7
si_00000210_0,cus_000002102542,Hiring,6744,usd,month,6
si_00000210_1,cus_000002102542,HR,8992,usd,month,6
si_00000211_0,cus_000002110359,Hiring,68712,usd,year,6
si_00000211_1,cus_000002110359,HR,91608,usd,year,6
si_00000212_0,cus_000002125076,Hiring,5882,usd,month,5
si_00000212_1,cus_000002125076,HR,7843,usd,month,5
si_00000212_2,cus_000002125076,Payroll,1098,usd,month,70
si_00000213_0,cus_000002134577,Hiring,7364,usd,month,5
si_00000213_1,cus_000002134577,HR,9819,usd,month,5
si_00000214_0,cus_000002148161,Hiring,7910,usd,month,2
si_00000214_1,cus_000002148161,HR,10546,usd,month,2
si_00000214_2,cus_000002148161,Payroll,1476,usd,month,50
si_00000215_0,cus_000002159107,Hiring,4563,usd,month,2
si_00000215_1,cus_000002159107,Payroll,852,usd,month,62
si_00000216_0,cus_000002167866,Hiring,9375,usd,month,13
si_00000216_1,cus_000002167866,Payroll,1750,usd,month,390
si_00000217_0,cus_000002175827,Hiring,8187,usd,month,1
si_00000217_1,cus_000002175827,Payroll,1528,usd,month,16
si_00000218_0,cus_000002185413,Hiring,8545,usd,month,8
si_00000218_1,cus_000002185413,HR,11394,usd,month,8
si_00000219_0,cus_000002192878,Hiring,5308,usd,month,3
si_00000220_0,cus_000002204448,Hiring,6811,usd,month,4
si_00000220_1,cus_000002204448,HR,9081,usd,month,4
si_00000221_0,cus_000002211949,Hiring,4516,usd,month,4
si_00000221_1,cus_000002211949,Payroll,843,usd,month,68
si_00000222_0,cus_000002225891,Hiring,8948,usd,month,2
si_00000223_0,cus_000002239220,Hiring,6884,usd,month,1
si_00000223_1,cus_000002239220,HR,9179,usd,month,1
si_00000223_2,cus_000002239220,Payroll,1285,usd,month,37
si_00000224_0,cus_000002240457,Hiring,100260,usd,year,6
si_00000225_0,cus_000002255835,Hiring,6485,usd,month,3
si_00000226_0,cus_000002265297,Hiring,6857,usd,month,3
si_00000227_0,cus_000002272897,Hiring,7862,usd,month,5
si_00000227_1,cus_000002272897,HR,10483,usd,month,5
si_00000227_2,cus_000002272897,Payroll,1468,usd,month,55
si_00000229_0,cus_000002294543,Hiring,6002,usd,month,3
si_00000230_0,cus_000002308393,Hiring,8788,usd,month,2
si_00000230_1,cus_000002308393,HR,11718,usd,month,2
si_00000231_0,cus_000002317352,Hiring,5258,usd,month,2
si_00000232_0,cus_000002327484,Hiring,5574,usd,month,5
si_00000232_1,cus_000002327484,Payroll,1040,usd,month,30
si_00000233_0,cus_000002332811,Hiring,65868,usd,year,5
si_00000233_1,cus_000002332811,Payroll,12300,usd,year,30
si_00000234_0,cus_000002346347,Hiring,6145,usd,month,2
si_00000234_1,cus_000002346347,Payroll,1147,usd,month,22
si_00000235_0,cus_000002350038,Hiring,4972,usd,month,5
si_00000235_1,cus_000002350038,HR,6629,usd,month,5
si_00000236_0,cus_000002363774,HR,128376,usd,year,4
si_00000237_0,cus_000002379776,Hiring,7280,usd,month,5
si_00000237_1,cus_000002379776,HR,9707,usd,month,5
si_00000238_0,cus_000002386913,Hiring,4500,usd,month,2
si_00000238_1,cus_000002386913,HR,6000,usd,month,2
si_00000239_0,cus_000002390522,Hiring,7442,usd,month,5
si_00000239_1,cus_000002390522,HR,9922,usd,month,5
si_00000240_0,cus_000002400926,Hiring,5899,usd,month,1
si_00000240_1,cus_000002400926,HR,7865,usd,month,1
si_00000241_0,cus_000002410881,Hiring,6696,usd,month,4
si_00000242_0,cus_000002426839,Hiring,5043,usd,month,10
si_00000242_1,cus_000002426839,HR,6724,usd,month,10
si_00000243_0,cus_000002434275,Hiring,7249,usd,month,5
si_00000243_1,cus_000002434275,HR,9666,usd,month,5
si_00000244_0,cus_000002442004,Hiring,6602,usd,month,7
si_00000244_1,cus_000002442004,HR,8803,usd,month,7
si_00000244_2,cus_000002442004,Payroll,1232,usd,month,42
si_00000245_0,cus_000002458735,Hiring,6909,usd,month,5
si_00000245_1,cus_000002458735,HR,9211,usd,month,5
si_00000246_0,cus_000002465264,Hiring,78348,usd,year,4
si_00000247_0,cus_000002470773,Hiring,8172,usd,month,3
si_00000247_1,cus_000002470773,HR,10896,usd,month,3
si_00000247_2,cus_000002470773,Payroll,1525,usd,month,42
si_00000248_0,cus_000002482012,Hiring,69300,usd,year,8
si_00000248_1,cus_000002482012,Payroll,12936,usd,year,128
si_00000249_0,cus_000002494163,Hiring,6928,usd,month,2
si_00000249_1,cus_000002494163,HR,9237,usd,month,2
si_00000249_2,cus_000002494163,Payroll,1293,usd,month,48
si_00000250_0,cus_000002509159,Hiring,91356,usd,year,1
si_00000250_1,cus_000002509159,HR,121800,usd,year,1
si_00000250_2,cus_000002509159,Payroll,17052,usd,year,39
si_00000251_0,cus_000002512558,Hiring,73416,usd,year,1
si_00000252_0,cus_000002528571,Hiring,101748,usd,year,18
si_00000252_1,cus_000002528571,HR,135672,usd,year,18
si_00000253_0,cus_000002534544,Hiring,8323,usd,month,1
si_00000253_1,cus_000002534544,HR,11098,usd,month,1
si_00000253_2,cus_000002534544,Payroll,1554,usd,month,28
si_00000254_0,cus_000002549171,Hiring,66180,usd,year,5
si_00000255_0,cus_000002556811,Hiring,5979,usd,month,3
si_00000255_1,cus_000002556811,Payroll,1116,usd,month,84
si_00000256_0,cus_000002562390,HR,11512,usd,month,3
si_00000257_0,cus_000002570208,Hiring,112500,usd,year,5
si_00000257_1,cus_000002570208,Payroll,21000,usd,year,95
si_00000258_0,cus_000002588543,Hiring,6528,usd,month,3
si_00000259_0,cus_000002598030,Hiring,112500,usd,year,2
si_00000259_1,cus_000002598030,Payroll,21000,usd,year,72
si_00000260_0,cus_000002608604,Hiring,61272,usd,year,6
si_00000261_0,cus_000002611571,Hiring,6788,usd,month,10
si_00000261_1,cus_000002611571,HR,9050,usd,month,10
si_00000262_0,cus_000002620561,Hiring,79620,usd,year,3
si_00000263_0,cus_000002638883,Hiring,8307,usd,month,1
si_00000263_1,cus_000002638883,HR,11076,usd,month,1
si_00000263_2,cus_000002638883,Payroll,1551,usd,month,36
si_00000264_0,cus_000002640463,HR,11806,usd,month,6
si_00000264_1,cus_000002640463,Payroll,1653,usd,month,234
si_00000265_0,cus_000002650941,Hiring,7050,usd,month,4
si_00000266_0,cus_000002669673,Hiring,5770,usd,month,5
si_00000267_0,cus_000002676413,Hiring,4500,usd,month,3
si_00000267_1,cus_000002676413,HR,6000,usd,month,3
si_00000267_2,cus_000002676413,Payroll,840,usd,month,111
si_00000268_0,cus_000002688808,HR,8464,usd,month,3
si_00000268_1,cus_000002688808,Payroll,1185,usd,month,54
si_00000269_0,cus_000002696968,Hiring,7817,usd,month,17
si_00000269_1,cus_000002696968,HR,10423,usd,month,17
si_00000269_2,cus_000002696968,Payroll,1459,usd,month,153
si_00000270_0,cus_000002701073,Hiring,5905,usd,month,2
si_00000270_1,cus_000002701073,HR,7874,usd,month,2
si_00000271_0,cus_000002717480,Hiring,70644,usd,year,8
si_00000271_1,cus_000002717480,HR,94188,usd,year,8
si_00000272_0,cus_000002725210,Hiring,6939,usd,month,3
si_00000272_1,cus_000002725210,HR,9252,usd,month,3
si_00000272_2,cus_000002725210,Payroll,1295,usd,month,78
si_00000273_0,cus_000002736911,Hiring,8057,usd,month,1
si_00000273_1,cus_000002736911,HR,10743,usd,month,1
si_00000274_0,cus_000002742939,Hiring,7611,usd,month,3
si_00000274_1,cus_000002742939,HR,10147,usd,month,3
si_00000274_2,cus_000002742939,Payroll,1421,usd,month,105
si_00000275_0,cus_000002757906,Hiring,6987,usd,month,2
si_00000275_1,cus_000002757906,Payroll,1304,usd,month,10
si_00000276_0,cus_000002768611,Hiring,6726,usd,month,2
si_00000276_1,cus_000002768611,HR,8969,usd,month,2
si_00000277_0,cus_000002776877,Hiring,8128,usd,month,6
si_00000277_1,cus_000002776877,HR,10837,usd,month,6
si_00000278_0,cus_000002786048,Hiring,69252,usd,year,4
si_00000278_1,cus_000002786048,HR,92340,usd,year,4
si_00000278_2,cus_000002786048,Payroll,12924,usd,year,124
si_00000279_0,cus_000002798071,Hiring,7548,usd,month,6
si_00000279_1,cus_000002798071,HR,10064,usd,month,6
si_00000279_2,cus_000002798071,Payroll,1409,usd,month,132
si_00000280_0,cus_000002805450,Hiring,5850,usd,month,3
si_00000280_1,cus_000002805450,HR,7800,usd,month,3
si_00000281_0,cus_000002810100,Hiring,8199,usd,month,1
si_00000282_0,cus_000002823450,Hiring,6286,usd,month,7
si_00000283_0,cus_000002833644,Hiring,7136,usd,month,2
si_00000283_1,cus_000002833644,HR,9514,usd,month,2
si_00000283_2,cus_000002833644,Payroll,1332,usd,month,44
si_00000284_0,cus_000002846808,Hiring,99576,usd,year,5
si_00000285_0,cus_000002857081,Hiring,54000,usd,year,2
si_00000285_1,cus_000002857081,Payroll,10080,usd,year,38
si_00000286_0,cus_000002865779,Hiring,8295,usd,month,3
si_00000286_1,cus_000002865779,HR,11060,usd,month,3
si_00000286_2,cus_000002865779,Payroll,1548,usd,month,111
si_00000287_0,cus_000002873175,Hiring,8556,usd,month,2
si_00000287_1,cus_000002873175,HR,11408,usd,month,2
si_00000288_0,cus_000002885694,Hiring,7548,usd,month,1
si_00000288_1,cus_000002885694,HR,10064,usd,month,1
si_00000288_2,cus_000002885694,Payroll,1409,usd,month,21
si_00000289_0,cus_000002899214,Hiring,6550,usd,month,3
si_00000290_0,cus_000002904026,Hiring,4500,usd,month,2
si_00000290_1,cus_000002904026,Payroll,840,usd,month,70
si_00000291_0,cus_000002911585,Hiring,4500,usd,month,2
si_00000291_1,cus_000002911585,HR,6000,usd,month,2
si_00000292_0,cus_000002923606,Hiring,7158,usd,month,1
si_00000292_1,cus_000002923606,HR,9544,usd,month,1
si_00000293_0,cus_000002934118,Hiring,70932,usd,year,4
si_00000293_1,cus_000002934118,HR,94572,usd,year,4
si_00000294_0,cus_000002946035,Hiring,7721,usd,month,7
si_00000294_1,cus_000002946035,HR,10294,usd,month,7
si_00000294_2,cus_000002946035,Payroll,1441,usd,month,140
si_00000295_0,cus_000002953375,Hiring,4500,usd,month,2
si_00000295_1,cus_000002953375,HR,6000,usd,month,2
si_00000296_0,cus_000002962607,Hiring,84672,usd,year,5
si_00000296_1,cus_000002962607,Payroll,15804,usd,year,170
si_00000297_0,cus_000002977186,Hiring,6604,usd,month,10
si_00000297_1,cus_000002977186,HR,8805,usd,month,10
si_00000298_0,cus_000002987412,Hiring,6005,usd,month,12
si_00000298_1,cus_000002987412,HR,8006,usd,month,12
si_00000300_0,cus_000003003271,Hiring,91812,usd,year,5
si_00000300_1,cus_000003003271,HR,122424,usd,year,5
si_00000300_2,cus_000003003271,Payroll,17136,usd,year,165
si_00000301_0,cus_000003018761,Hiring,6185,usd,month,3
si_00000301_1,cus_000003018761,HR,8246,usd,month,3
si_00000302_0,cus_000003022688,Hiring,8318,usd,month,1
si_00000303_0,cus_000003030698,Hiring,8088,usd,month,2
si_00000303_1,cus_000003030698,HR,10783,usd,month,2
si_00000304_0,cus_000003045998,Hiring,8603,usd,month,7
si_00000304_1,cus_000003045998,HR,11471,usd,month,7
si_00000304_2,cus_000003045998,Payroll,1606,usd,month,210
si_00000305_0,cus_000003051070,Hiring,8772,usd,month,3
si_00000306_0,cus_000003062766,HR,8179,usd,month,1
si_00000306_1,cus_000003062766,Payroll,1145,usd,month,17
si_00000307_0,cus_000003075071,Hiring,6023,usd,month,9
si_00000307_1,cus_000003075071,HR,8030,usd,month,9
si_00000307_2,cus_000003075071,Payroll,1124,usd,month,315
si_00000308_0,cus_000003082863,Hiring,80184,usd,year,2
si_00000308_1,cus_000003082863,HR,106908,usd,year,2
si_00000309_0,cus_000003092149,Hiring,93096,usd,year,1
si_00000310_0,cus_000003107031,Hiring,6251,usd,month,1
si_00000310_1,cus_000003107031,Payroll,1167,usd,month,18
si_00000311_0,cus_000003115469,Hiring,70008,usd,year,1
si_00000312_0,cus_000003128396,Hiring,87288,usd,year,21
si_00000312_1,cus_000003128396,HR,116376,usd,year,21
si_00000313_0,cus_000003139106,HR,108924,usd,year,3
si_00000314_0,cus_000003140406,Hiring,8953,usd,month,2
si_00000314_1,cus_000003140406,HR,11937,usd,month,2
si_00000315_0,cus_000003157946,Hiring,6131,usd,month,2
si_00000315_1,cus_000003157946,HR,8175,usd,month,2
si_00000315_2,cus_000003157946,Payroll,1144,usd,month,50
si_00000316_0,cus_000003163144,Hiring,8185,usd,month,5
si_00000316_1,cus_000003163144,HR,10913,usd,month,5
si_00000317_0,cus_000003172917,Hiring,8621,usd,month,3
si_00000317_1,cus_000003172917,HR,11495,usd,month,3
si_00000317_2,cus_000003172917,Payroll,1609,usd,month,72
si_00000318_0,cus_000003187408,Hiring,8377,usd,month,2
si_00000318_1,cus_000003187408,HR,11169,usd,month,2
si_00000318_2,cus_000003187408,Payroll,1564,usd,month,18
si_00000319_0,cus_000003190465,Hiring,9375,usd,month,5
si_00000320_0,cus_000003207523,Hiring,6241,usd,month,6
si_00000321_0,cus_000003218712,Hiring,88548,usd,year,1
si_00000321_1,cus_000003218712,HR,118068,usd,year,1
si_00000322_0,cus_000003226996,HR,11063,usd,month,2
si_00000322_1,cus_000003226996,Payroll,1549,usd,month,16
si_00000323_0,cus_000003234999,HR,112584,usd,year,2
si_00000323_1,cus_000003234999,Payroll,15756,usd,year,24
si_00000324_0,cus_000003247462,Hiring,6768,usd,month,2
si_00000324_1,cus_000003247462,HR,9025,usd,month,2
si_00000325_0,cus_000003254640,Hiring,8113,usd,month,5
si_00000326_0,cus_000003260172,Hiring,81312,usd,year,9
si_00000327_0,cus_000003271842,HR,99432,usd,year,8
si_00000328_0,cus_000003285887,Hiring,9375,usd,month,2
si_00000328_1,cus_000003285887,HR,12500,usd,month,2
si_00000329_0,cus_000003296941,Hiring,7627,usd,month,1
si_00000330_0,cus_000003300334,Hiring,8199,usd,month,2
si_00000330_1,cus_000003300334,HR,10933,usd,month,2
si_00000331_0,cus_000003310433,Hiring,5653,usd,month,5
si_00000331_1,cus_000003310433,HR,7537,usd,month,5
si_00000331_2,cus_000003310433,Payroll,1055,usd,month,135
si_00000332_0,cus_000003322612,Hiring,5792,usd,month,3
si_00000332_1,cus_000003322612,HR,7722,usd,month,3
si_00000333_0,cus_000003330834,Hiring,5918,usd,month,3
si_00000334_0,cus_000003345418,Hiring,6271,usd,month,11
si_00000334_1,cus_000003345418,HR,8361,usd,month,11
si_00000334_2,cus_000003345418,Payroll,1171,usd,month,385
si_00000335_0,cus_000003351236,Hiring,7390,usd,month,3
si_00000335_1,cus_000003351236,HR,9853,usd,month,3
si_00000336_0,cus_000003366481,Hiring,6363,usd,month,7
si_00000336_1,cus_000003366481,HR,8484,usd,month,7
si_00000337_0,cus_000003370383,Hiring,7636,usd,month,6
si_00000338_0,cus_000003385326,Hiring,9375,usd,month,9
si_00000338_1,cus_000003385326,Payroll,1750,usd,month,108
si_00000339_0,cus_000003391266,Hiring,7113,usd,month,6
si_00000340_0,cus_000003404548,Hiring,5194,usd,month,11
si_00000341_0,cus_000003411029,Hiring,75024,usd,year,4
si_00000342_0,cus_000003427369,Hiring,57408,usd,year,4
si_00000343_0,cus_000003430867,Hiring,8670,usd,month,14
si_00000344_0,cus_000003446559,Hiring,7148,usd,month,3
si_00000344_1,cus_000003446559,HR,9530,usd,month,3
si_00000345_0,cus_000003457920,Hiring,8159,usd,month,4
si_00000345_1,cus_000003457920,HR,10878,usd,month,4
si_00000346_0,cus_000003463627,Hiring,6871,usd,month,4
si_00000346_1,cus_000003463627,HR,9161,usd,month,4
si_00000347_0,cus_000003472664,Hiring,9375,usd,month,11
si_00000347_1,cus_000003472664,HR,12500,usd,month,11
si_00000348_0,cus_000003484711,Hiring,8646,usd,month,3
si_00000348_1,cus_000003484711,HR,11528,usd,month,3
si_00000349_0,cus_000003490786,Hiring,5827,usd,month,2
si_00000349_1,cus_000003490786,HR,7769,usd,month,2
si_00000350_0,cus_000003504585,Hiring,4573,usd,month,2
si_00000350_1,cus_000003504585,HR,6097,usd,month,2
si_00000350_2,cus_000003504585,Payroll,854,usd,month,38
si_00000351_0,cus_000003514234,Hiring,6748,usd,month,6
si_00000351_1,cus_000003514234,HR,8997,usd,month,6
si_00000351_2,cus_000003514234,Payroll,1260,usd,month,60
si_00000352_0,cus_000003526971,Hiring,8660,usd,month,6
si_00000353_0,cus_000003539089,Hiring,85860,usd,year,3
si_00000353_1,cus_000003539089,Payroll,16032,usd,year,51
si_00000355_0,cus_000003557844,HR,9744,usd,month,5
si_00000356_0,cus_000003564648,Hiring,6728,usd,month,3
si_00000357_0,cus_000003571826,Hiring,5611,usd,month,5
si_00000357_1,cus_000003571826,HR,7481,usd,month,5
si_00000357_2,cus_000003571826,Payroll,1047,usd,month,20
si_00000358_0,cus_000003587662,Hiring,75516,usd,year,6
si_00000359_0,cus_000003598618,Hiring,7288,usd,month,10
si_00000359_1,cus_000003598618,HR,9718,usd,month,10
si_00000360_0,cus_000003603579,Hiring,4500,usd,month,2
si_00000360_1,cus_000003603579,HR,6000,usd,month,2
si_00000361_0,cus_000003617024,Hiring,8291,usd,month,1
si_00000362_0,cus_000003627963,Hiring,6902,usd,month,6
si_00000362_1,cus_000003627963,HR,9203,usd,month,6
si_00000363_0,cus_000003633923,Hiring,6718,usd,month,6
si_00000363_1,cus_000003633923,HR,8957,usd,month,6
si_00000364_0,cus_000003645003,Hiring,6584,usd,month,6
si_00000364_1,cus_000003645003,HR,8778,usd,month,6
si_00000365_0,cus_000003653539,Hiring,7603,usd,month,5
si_00000365_1,cus_000003653539,Payroll,1419,usd,month,45
si_00000366_0,cus_000003663788,Hiring,5676,usd,month,2
si_00000366_1,cus_000003663788,Payroll,1060,usd,month,40
si_00000367_0,cus_000003679532,Hiring,6687,usd,month,5
si_00000368_0,cus_000003681591,Hiring,5602,usd,month,3
si_00000368_1,cus_000003681591,Payroll,1046,usd,month,81
si_00000369_0,cus_000003699438,Hiring,5140,usd,month,5
si_00000369_1,cus_000003699438,HR,6854,usd,month,5
si_00000369_2,cus_000003699438,Payroll,960,usd,month,95
si_00000370_0,cus_000003701536,Hiring,106356,usd,year,3
si_00000370_1,cus_000003701536,HR,141804,usd,year,3
si_00000371_0,cus_000003716962,Hiring,9304,usd,month,6
si_00000371_1,cus_000003716962,HR,12406,usd,month,6
si_00000372_0,cus_000003724327,HR,7547,usd,month,4
si_00000373_0,cus_000003739205,Hiring,6510,usd,month,3
si_00000374_0,cus_000003747829,Hiring,75432,usd,year,3
si_00000374_1,cus_000003747829,HR,100584,usd,year,3
si_00000374_2,cus_000003747829,Payroll,14076,usd,year,48
si_00000375_0,cus_000003755403,Hiring,7157,usd,month,7
si_00000375_1,cus_000003755403,Payroll,1336,usd,month,98
si_00000376_0,cus_000003768163,Hiring,7080,usd,month,3
si_00000376_1,cus_000003768163,HR,9440,usd,month,3
si_00000376_2,cus_000003768163,Payroll,1322,usd,month,60
si_00000377_0,cus_000003775720,Hiring,7142,usd,month,6
si_00000377_1,cus_000003775720,HR,9522,usd,month,6
si_00000377_2,cus_000003775720,Payroll,1333,usd,month,186
si_00000378_0,cus_000003786746,Hiring,6959,usd,month,3
si_00000379_0,cus_000003798543,Hiring,9131,usd,month,4
si_00000379_1,cus_000003798543,HR,12175,usd,month,4
si_00000379_2,cus_000003798543,Payroll,1705,usd,month,88
si_00000380_0,cus_000003809421,Hiring,9375,usd,month,2
si_00000380_1,cus_000003809421,HR,12500,usd,month,2
si_00000381_0,cus_000003810794,Hiring,81408,usd,year,12
si_00000382_0,cus_000003821849,Hiring,105840,usd,year,4
si_00000382_1,cus_000003821849,Payroll,19752,usd,year,52
si_00000383_0,cus_000003832193,Hiring,82440,usd,year,3
si_00000383_1,cus_000003832193,Payroll,15384,usd,year,27
si_00000384_0,cus_000003842163,Hiring,9375,usd,month,2
si_00000384_1,cus_000003842163,HR,12500,usd,month,2
si_00000384_2,cus_000003842163,Payroll,1750,usd,month,38
si_00000385_0,cus_000003852960,Hiring,5093,usd,month,2
si_00000385_1,cus_000003852960,Payroll,951,usd,month,68
si_00000386_0,cus_000003867828,Hiring,6880,usd,month,1
si_00000386_1,cus_000003867828,HR,9174,usd,month,1
si_00000387_0,cus_000003877954,Hiring,6996,usd,month,3
si_00000387_1,cus_000003877954,HR,9328,usd,month,3
si_00000388_0,cus_000003882578,Hiring,7403,usd,month,1
si_00000388_1,cus_000003882578,HR,9870,usd,month,1
si_00000388_2,cus_000003882578,Payroll,1382,usd,month,36
si_00000389_0,cus_000003890513,Hiring,7096,usd,month,7
si_00000389_1,cus_000003890513,Payroll,1325,usd,month,70
si_00000390_0,cus_000003901388,Hiring,7461,usd,month,1
si_00000391_0,cus_000003917733,Hiring,6088,usd,month,3
si_00000391_1,cus_000003917733,HR,8118,usd,month,3
si_00000392_0,cus_000003920434,Hiring,8440,usd,month,14
si_00000392_1,cus_000003920434,HR,11253,usd,month,14
si_00000393_0,cus_000003936227,Hiring,8572,usd,month,1
si_00000394_0,cus_000003941676,Hiring,5021,usd,month,4
si_00000394_1,cus_000003941676,HR,6695,usd,month,4
si_00000395_0,cus_000003953626,Hiring,7973,usd,month,4
si_00000395_1,cus_000003953626,HR,10631,usd,month,4
si_00000395_2,cus_000003953626,Payroll,1488,usd,month,136
si_00000396_0,cus_000003966878,Hiring,66900,usd,year,8
si_00000396_1,cus_000003966878,HR,89196,usd,year,8
si_00000397_0,cus_000003975136,Hiring,86112,usd,year,5
si_00000397_1,cus_000003975136,HR,114816,usd,year,5
si_00000398_0,cus_000003985972,Hiring,6928,usd,month,8
si_00000398_1,cus_000003985972,HR,9238,usd,month,8
si_00000399_0,cus_000003992508,Hiring,9375,usd,month,4
si_00000400_0,cus_000004009326,Hiring,8072,usd,month,2
si_00000400_1,cus_000004009326,HR,10763,usd,month,2
si_00000401_0,cus_000004014138,Hiring,6834,usd,month,2
si_00000402_0,cus_000004022869,Hiring,9375,usd,month,3
si_00000403_0,cus_000004039042,Hiring,6790,usd,month,5
si_00000403_1,cus_000004039042,HR,9053,usd,month,5
si_00000403_2,cus_000004039042,Payroll,1267,usd,month,20
si_00000404_0,cus_000004046552,Hiring,79932,usd,year,2
si_00000404_1,cus_000004046552,HR,106572,usd,year,2
si_00000404_2,cus_000004046552,Payroll,14916,usd,year,30
si_00000405_0,cus_000004056138,Hiring,5239,usd,month,4
si_00000405_1,cus_000004056138,HR,6986,usd,month,4
si_00000405_2,cus_000004056138,Payroll,978,usd,month,76
si_00000406_0,cus_000004068866,Hiring,5278,usd,month,1
si_00000407_0,cus_000004070585,Hiring,7785,usd,month,3
si_00000407_1,cus_000004070585,HR,10380,usd,month,3
si_00000407_2,cus_000004070585,Payroll,1453,usd,month,75
si_00000408_0,cus_000004088375,Hiring,9375,usd,month,2
si_00000408_1,cus_000004088375,HR,12500,usd,month,2
si_00000409_0,cus_000004096777,Hiring,5161,usd,month,3
si_00000409_1,cus_000004096777,HR,6882,usd,month,3
si_00000410_0,cus_000004103599,Hiring,8031,usd,month,8
si_00000410_1,cus_000004103599,HR,10708,usd,month,8
si_00000411_0,cus_000004114190,Hiring,5768,usd,month,1
si_00000412_0,cus_000004129409,Hiring,6985,usd,month,1
si_00000412_1,cus_000004129409,HR,9314,usd,month,1
si_00000413_0,cus_000004131418,Hiring,6559,usd,month,8
si_00000413_1,cus_000004131418,HR,8745,usd,month,8
si_00000414_0,cus_000004142594,Hiring,6984,usd,month,5
si_00000415_0,cus_000004158949,Hiring,5734,usd,month,1
si_00000415_1,cus_000004158949,HR,7645,usd,month,1
si_00000415_2,cus_000004158949,Payroll,1070,usd,month,38
si_00000416_0,cus_000004161607,Hiring,6135,usd,month,3
si_00000416_1,cus_000004161607,Payroll,1145,usd,month,42
si_00000417_0,cus_000004178140,Hiring,64368,usd,year,6
si_00000417_1,cus_000004178140,Payroll,12012,usd,year,174
si_00000418_0,cus_000004185102,Hiring,6534,usd,month,4
si_00000419_0,cus_000004198483,Hiring,100908,usd,year,12
si_00000419_1,cus_000004198483,HR,134544,usd,year,12
si_orphan000,cus_orphan0000872,Hiring,7500,usd,month,2
si_orphan001,cus_orphan0016369,Hiring,7500,usd,month,2
si_orphan002,cus_orphan0025248,Hiring,7500,usd,month,1
si_orphan003,cus_orphan0037798,Hiring,7500,usd,month,3
si_orphan004,cus_orphan0048387,Hiring,7500,usd,month,2
si_orphan005,cus_orphan0059030,Hiring,7500,usd,month,3
si_orphan006,cus_orphan0063983,Hiring,7500,usd,month,2
